end_time,stagnant_time,provider,num_pickedup_LimeLime,num_pickedup_LimeBird,num_pickedup_BirdLime,num_pickedup_BirdBird
2019-06-13T09:16:15Z,4.11555555555556,Bird,0,0,0,16
2019-06-14T10:58:07Z,29.2030555555556,Bird,0,0,57,86
2019-06-14T10:58:03Z,29.2019444444444,Bird,0,0,57,85
2019-06-14T10:59:06Z,29.2191666666667,Bird,0,0,58,87
2019-06-13T23:13:59Z,17.4080555555556,Bird,0,0,35,41
2019-06-14T08:03:56Z,26.2402777777778,Bird,0,0,40,50
2019-06-14T13:42:04Z,31.8755555555556,Bird,0,0,92,150
2019-06-14T12:13:11Z,30.3394444444444,Bird,0,0,74,111
2019-06-14T08:40:18Z,26.7911111111111,Bird,0,0,42,54
2019-06-14T12:08:14Z,30.2566666666667,Bird,0,0,73,110
2019-06-14T07:46:49Z,25.8152777777778,Bird,0,0,37,46
2019-06-14T08:44:40Z,26.7794444444444,Bird,0,0,44,57
2019-06-14T12:55:26Z,30.9586111111111,Bird,0,0,81,132
2019-06-13T23:12:15Z,17.1469444444444,Bird,0,0,35,40
2019-06-13T06:31:43Z,0.258888888888889,Bird,0,0,0,0
2019-06-13T08:34:09Z,2.28416666666667,Bird,0,0,0,9
2019-06-13T08:30:47Z,2.22777777777778,Bird,0,0,0,8
2019-06-18T01:35:57Z,115.170833333333,Bird,0,0,863,729
2019-06-13T08:40:17Z,1.61111111111111,Bird,0,0,0,10
2019-06-13T07:34:02Z,0.506666666666667,Bird,0,0,0,0
2019-06-13T09:46:12Z,2.70944444444444,Bird,0,0,0,18
2019-06-13T16:43:00Z,9.40138888888889,Bird,0,0,6,36
2019-06-14T08:40:19Z,25.3566666666667,Bird,0,0,42,53
2019-06-14T08:40:33Z,25.3602777777778,Bird,0,0,43,54
2019-06-14T06:03:34Z,22.5702777777778,Bird,0,0,35,39
2019-06-14T11:45:11Z,28.1425,Bird,0,0,66,96
2019-06-14T00:29:16Z,16.4883333333333,Bird,0,0,35,37
2019-06-14T07:24:36Z,23.3891666666667,Bird,0,0,37,39
2019-06-13T10:03:08Z,1.86194444444444,Bird,0,0,0,15
2019-06-13T08:51:32Z,0.289722222222222,Bird,0,0,0,1
2019-06-13T08:51:47Z,0.283333333333333,Bird,0,0,0,2
2019-06-14T10:54:44Z,26.2411111111111,Bird,0,0,56,72
2019-06-13T16:09:05Z,7.455,Bird,0,0,2,20
2019-06-13T12:02:21Z,3.29694444444444,Bird,0,0,0,14
2019-06-15T04:03:42Z,43.1866666666667,Bird,0,0,286,209
2019-06-13T09:32:08Z,0.519444444444444,Bird,0,0,0,2
2019-06-13T16:54:22Z,7.88388888888889,Bird,0,0,6,24
2019-06-13T15:49:06Z,6.79305555555556,Bird,0,0,2,16
2019-06-13T16:40:23Z,7.315,Bird,0,0,6,19
2019-06-13T13:59:41Z,4.57722222222222,Bird,0,0,0,12
2019-06-13T09:44:52Z,0.0611111111111111,Bird,0,0,0,0
2019-06-13T11:14:10Z,1.47,Bird,0,0,0,6
2019-06-14T07:50:39Z,21.9780555555556,Bird,0,0,38,27
2019-06-15T04:14:10Z,41.8577777777778,Bird,0,0,286,201
2019-06-13T16:05:21Z,5.61416666666667,Bird,0,0,2,9
2019-06-14T12:26:48Z,25.9227777777778,Bird,0,0,74,98
2019-06-14T12:27:25Z,25.9330555555556,Bird,0,0,74,100
2019-06-14T11:11:36Z,24.6691666666667,Bird,0,0,60,70
2019-06-13T10:42:01Z,0.176111111111111,Bird,0,0,0,1
2019-06-13T23:34:28Z,13.05,Bird,0,0,35,18
2019-06-14T12:27:06Z,25.9272222222222,Bird,0,0,74,99
2019-06-13T23:54:51Z,13.2922222222222,Bird,0,0,35,17
2019-06-14T07:13:05Z,20.5502777777778,Bird,0,0,36,19
2019-06-14T10:49:24Z,24.1552777777778,Bird,0,0,55,55
2019-06-14T10:51:59Z,24.1983333333333,Bird,0,0,55,57
2019-06-14T09:44:39Z,23.0758333333333,Bird,0,0,48,42
2019-06-14T09:53:33Z,23.2238888888889,Bird,0,0,50,47
2019-06-13T11:07:11Z,0.289722222222222,Bird,0,0,0,0
2019-06-14T11:04:19Z,23.8327777777778,Bird,0,0,59,64
2019-06-13T12:40:21Z,1.33277777777778,Bird,0,0,0,1
2019-06-14T07:49:45Z,19.6258333333333,Bird,0,0,38,19
2019-06-13T13:52:14Z,0.0522222222222222,Bird,0,0,0,0
2019-06-13T14:12:12Z,0.269444444444444,Bird,0,0,0,0
2019-06-14T17:22:27Z,27.1191666666667,Bird,0,0,184,193
2019-06-14T20:38:41Z,28.9505555555556,Bird,0,0,284,192
2019-06-13T18:06:47Z,2.4,Lime,16,9,0,0
2019-06-13T17:00:59Z,1.26166666666667,Lime,4,9,0,0
2019-06-13T20:04:17Z,4.16444444444444,Bird,0,0,33,9
2019-06-14T07:04:21Z,14.8722222222222,Bird,0,0,34,7
2019-06-13T16:32:44Z,0.310833333333333,Bird,0,0,1,0
2019-06-13T23:04:49Z,6.79611111111111,Lime,32,6,0,0
2019-06-13T17:33:22Z,1.17972222222222,Lime,7,6,0,0
2019-06-13T16:33:40Z,0.137777777777778,Bird,0,0,1,1
2019-06-13T18:39:26Z,2.07194444444444,Bird,0,0,17,5
2019-06-13T17:16:25Z,0.635555555555556,Lime,5,5,0,0
2019-06-14T07:24:48Z,14.6597222222222,Bird,0,0,31,5
2019-06-14T09:44:42Z,16.9788888888889,Bird,0,0,42,28
2019-06-13T19:13:27Z,2.4425,Lime,22,2,0,0
2019-06-14T20:33:38Z,27.7311111111111,Bird,0,0,280,185
2019-06-13T20:17:08Z,3.3,Bird,0,0,29,0
2019-06-13T19:55:37Z,2.85888888888889,Bird,0,0,27,0
2019-06-13T21:10:03Z,4.09694444444444,Lime,28,0,0,0
2019-06-13T19:24:12Z,2.11527777777778,Lime,19,0,0,0
2019-06-13T19:22:46Z,2.08222222222222,Lime,19,0,0,0
2019-06-13T18:22:40Z,0.908611111111111,Lime,9,0,0,0
2019-06-13T18:21:06Z,0.871388888888889,Lime,9,0,0,0
2019-06-13T19:06:14Z,1.47944444444444,Lime,16,0,0,0
2019-06-13T19:39:50Z,1.96638888888889,Lime,17,0,0,0
2019-06-13T18:49:13Z,0.971944444444444,Lime,7,0,0,0
2019-06-13T19:15:29Z,1.35666666666667,Lime,11,0,0,0
2019-06-13T20:44:01Z,2.80194444444444,Lime,18,0,0,0
2019-06-13T21:07:18Z,3.15583333333333,Lime,18,0,0,0
2019-06-13T19:28:27Z,1.335,Lime,11,0,0,0
2019-06-13T19:04:13Z,0.929444444444444,Lime,8,0,0,0
2019-06-13T19:16:00Z,0.98,Lime,9,0,0,0
2019-06-13T19:19:38Z,0.873055555555556,Lime,9,0,0,0
2019-06-13T19:57:20Z,1.47027777777778,Lime,12,0,0,0
2019-06-13T20:49:49Z,2.0425,Lime,12,0,0,0
2019-06-13T18:58:47Z,0.139722222222222,Lime,0,0,0,0
2019-06-13T21:01:59Z,2.03055555555556,Lime,10,0,0,0
2019-06-13T19:35:40Z,0.532222222222222,Lime,3,0,0,0
2019-06-14T11:26:58Z,16.3725,Lime,32,55,0,0
2019-06-13T20:01:24Z,0.883611111111111,Lime,7,0,0,0
2019-06-13T19:21:13Z,0.0655555555555556,Lime,0,0,0,0
2019-06-13T20:30:23Z,1.17888888888889,Lime,5,0,0,0
2019-06-13T23:22:36Z,3.50888888888889,Lime,1,0,0,0
2019-06-13T20:53:21Z,0.939444444444444,Lime,1,0,0,0
2019-06-13T20:40:24Z,0.693888888888889,Lime,0,0,0,0
2019-06-13T20:10:51Z,0.198333333333333,Lime,0,0,0,0
2019-06-13T23:14:05Z,2.38333333333333,Lime,0,0,0,0
2019-06-14T12:36:14Z,13.2888888888889,Bird,0,0,39,85
2019-06-14T00:50:22Z,1.43305555555556,Bird,0,0,0,0
2019-06-13T23:40:06Z,0.0316666666666667,Bird,0,0,0,0
2019-06-13T23:44:50Z,0.0519444444444444,Bird,0,0,0,0
2019-06-14T08:12:51Z,8.44,Bird,0,0,5,10
2019-06-14T11:46:32Z,11.8361111111111,Bird,0,0,31,59
2019-06-14T04:17:21Z,4.32861111111111,Bird,0,0,0,0
2019-06-15T10:23:44Z,28.8847222222222,Bird,0,0,263,213
2019-06-14T09:13:12Z,3.70888888888889,Bird,0,0,10,19
2019-06-14T13:47:51Z,8.28638888888889,Bird,0,0,58,111
2019-06-14T11:31:48Z,5.96083333333333,Bird,0,0,27,56
2019-06-14T13:23:36Z,7.82416666666667,Bird,0,0,48,97
2019-06-15T12:39:35Z,31.0902777777778,Bird,0,0,289,273
2019-06-15T12:09:27Z,30.5369444444444,Bird,0,0,280,255
2019-06-14T12:39:46Z,7.04222222222222,Bird,0,0,41,88
2019-06-14T16:52:30Z,11.2541666666667,Bird,0,0,134,178
2019-06-14T07:44:33Z,2.08222222222222,Bird,0,0,2,4
2019-06-14T16:59:25Z,10.8747222222222,Bird,0,0,136,180
2019-06-14T09:45:00Z,3.63444444444444,Bird,0,0,13,26
2019-06-14T16:10:51Z,10.0627777777778,Bird,0,0,118,162
2019-06-15T14:48:14Z,32.3175,Bird,0,0,348,335
2019-06-14T09:04:34Z,2.58972222222222,Bird,0,0,10,17
2019-06-14T11:52:13Z,5.38361111111111,Bird,0,0,33,61
2019-06-14T11:53:26Z,5.40388888888889,Bird,0,0,33,64
2019-06-14T09:14:12Z,2.74972222222222,Bird,0,0,10,19
2019-06-18T02:53:02Z,92.3430555555556,Bird,0,0,828,689
2019-06-20T16:46:20Z,154.231111111111,Bird,0,0,828,689
2019-06-14T11:04:17Z,4.525,Bird,0,0,24,48
2019-06-14T10:24:06Z,3.855,Bird,0,0,19,35
2019-06-14T10:25:14Z,3.87388888888889,Bird,0,0,19,36
2019-06-14T08:37:13Z,2.07333333333333,Bird,0,0,7,11
2019-06-14T23:33:53Z,16.9294444444444,Bird,0,0,251,182
2019-06-14T23:40:00Z,17.0311111111111,Bird,0,0,251,182
2019-06-14T23:35:23Z,16.9538888888889,Bird,0,0,251,182
2019-06-15T10:18:33Z,27.6652777777778,Bird,0,0,263,207
2019-06-14T15:05:39Z,8.45027777777778,Bird,0,0,91,138
2019-06-14T14:42:58Z,8.07194444444444,Bird,0,0,79,126
2019-06-15T14:58:46Z,32.2680555555556,Bird,0,0,354,343
2019-06-15T10:24:38Z,27.6991666666667,Bird,0,0,263,213
2019-06-14T15:20:03Z,8.51666666666667,Bird,0,0,94,142
2019-06-14T15:21:34Z,8.54194444444444,Bird,0,0,94,144
2019-06-14T10:20:21Z,3.52138888888889,Bird,0,0,17,34
2019-06-14T16:04:56Z,9.26444444444444,Bird,0,0,115,158
2019-06-14T07:59:42Z,1.17694444444444,Bird,0,0,4,7
2019-06-14T09:55:47Z,3.11166666666667,Bird,0,0,14,30
2019-06-14T19:40:49Z,12.7191666666667,Lime,234,182,0,0
2019-06-14T12:17:07Z,5.13888888888889,Bird,0,0,38,71
2019-06-14T09:20:30Z,2.09833333333333,Bird,0,0,8,19
2019-06-14T10:52:59Z,3.56916666666667,Lime,18,39,0,0
2019-06-14T09:34:22Z,2.16305555555556,Bird,0,0,10,20
2019-06-14T11:54:00Z,4.49,Bird,0,0,31,63
2019-06-14T14:41:11Z,7.27638888888889,Bird,0,0,77,123
2019-06-14T10:01:06Z,2.52222222222222,Bird,0,0,14,29
2019-06-17T17:04:52Z,81.2747222222222,Bird,0,0,755,684
2019-06-14T08:48:33Z,0.993888888888889,Bird,0,0,6,11
2019-06-14T23:11:30Z,15.3041666666667,Bird,0,0,247,175
2019-06-14T14:10:48Z,6.22944444444444,Lime,61,111,0,0
2019-06-15T14:21:31Z,30.3863888888889,Bird,0,0,338,315
2019-06-14T11:59:14Z,3.99027777777778,Bird,0,0,29,58
2019-06-14T08:13:07Z,0.204166666666667,Lime,0,2,0,0
2019-06-14T10:54:07Z,2.84833333333333,Bird,0,0,16,33
2019-06-14T12:24:24Z,4.25888888888889,Bird,0,0,34,67
2019-06-14T10:52:19Z,2.62083333333333,Bird,0,0,14,30
2019-06-14T14:24:48Z,6.14222222222222,Lime,64,112,0,0
2019-06-14T09:43:29Z,1.26611111111111,Bird,0,0,7,12
2019-06-14T13:18:20Z,4.61,Bird,0,0,39,80
2019-06-14T15:42:50Z,6.94916666666667,Bird,0,0,93,137
2019-06-14T15:00:39Z,6.19638888888889,Lime,81,119,0,0
2019-06-14T08:53:10Z,0.0580555555555556,Bird,0,0,0,0
2019-06-14T10:00:42Z,1.16888888888889,Bird,0,0,7,14
2019-06-14T12:36:14Z,3.69666666666667,Lime,30,67,0,0
2019-06-14T11:07:11Z,2.17027777777778,Lime,15,33,0,0
2019-06-14T09:18:38Z,0.11,Bird,0,0,0,2
2019-06-14T09:34:49Z,0.305555555555556,Lime,2,3,0,0
2019-06-16T04:08:34Z,42.8222222222222,Bird,0,0,446,403
2019-06-14T13:07:18Z,3.77138888888889,Lime,36,72,0,0
2019-06-14T11:09:40Z,1.76,Bird,0,0,14,28
2019-06-14T09:46:30Z,0.344444444444444,Bird,0,0,2,6
2019-06-14T09:46:13Z,0.331388888888889,Bird,0,0,2,5
2019-06-14T19:47:09Z,10.2830555555556,Lime,229,160,0,0
2019-06-14T10:59:04Z,1.43166666666667,Lime,10,23,0,0
2019-06-14T23:06:19Z,13.4752777777778,Bird,0,0,238,159
2019-06-14T09:46:56Z,0.113888888888889,Lime,0,6,0,0
2019-06-14T15:36:49Z,5.94361111111111,Bird,0,0,85,125
2019-06-14T16:36:33Z,6.93777777777778,Bird,0,0,113,147
2019-06-14T12:15:31Z,2.47555555555556,Bird,0,0,25,41
2019-06-14T12:37:52Z,2.81,Lime,25,57,0,0
2019-06-14T10:20:46Z,0.523611111111111,Bird,0,0,3,6
2019-06-14T10:13:30Z,0.401944444444444,Bird,0,0,3,4
2019-06-14T12:24:39Z,2.58555555555556,Bird,0,0,24,48
2019-06-14T15:22:19Z,5.51083333333333,Lime,80,116,0,0
2019-06-14T13:28:03Z,3.50722222222222,Bird,0,0,36,69
2019-06-14T14:23:53Z,4.375,Lime,53,86,0,0
2019-06-14T21:19:03Z,11.195,Bird,0,0,234,149
2019-06-14T11:53:17Z,1.7625,Bird,0,0,16,30
2019-06-14T11:29:30Z,1.36555555555556,Bird,0,0,10,21
2019-06-14T12:39:30Z,2.52194444444444,Bird,0,0,24,53
2019-06-14T14:44:39Z,4.60444444444444,Bird,0,0,63,94
2019-06-14T11:41:13Z,1.51638888888889,Lime,13,23,0,0
2019-06-14T10:53:11Z,0.558333333333333,Bird,0,0,3,7
2019-06-14T11:41:24Z,1.17472222222222,Bird,0,0,12,19
2019-06-14T12:07:56Z,1.57555555555556,Lime,18,31,0,0
2019-06-15T13:41:29Z,27.1083333333333,Bird,0,0,306,266
2019-06-14T13:25:30Z,2.82722222222222,Lime,30,62,0,0
2019-06-14T10:51:23Z,0.0797222222222222,Bird,0,0,0,1
2019-06-14T15:17:16Z,4.48555555555556,Lime,73,105,0,0
2019-06-14T16:09:31Z,5.26277777777778,Bird,0,0,95,120
2019-06-14T13:25:00Z,2.49861111111111,Bird,0,0,29,55
2019-06-14T13:24:07Z,2.46722222222222,Bird,0,0,28,54
2019-06-14T16:38:15Z,5.66916666666667,Lime,106,127,0,0
2019-06-14T11:01:12Z,0.0516666666666667,Bird,0,0,2,3
2019-06-14T11:00:25Z,0.0255555555555556,Bird,0,0,2,1
2019-06-14T11:13:01Z,0.220555555555556,Bird,0,0,2,6
2019-06-14T16:05:23Z,5.07111111111111,Bird,0,0,92,112
2019-06-14T11:39:09Z,0.632222222222222,Lime,4,8,0,0
2019-06-14T13:40:36Z,2.63583333333333,Bird,0,0,32,59
2019-06-16T04:27:09Z,41.3925,Bird,0,0,432,376
2019-06-14T12:06:43Z,1.02027777777778,Bird,0,0,13,17
2019-06-14T12:26:40Z,1.33805555555556,Bird,0,0,15,28
2019-06-14T12:15:59Z,1.15722222222222,Bird,0,0,15,21
2019-06-14T13:55:28Z,2.80888888888889,Bird,0,0,38,64
2019-06-14T11:28:17Z,0.325555555555556,Lime,1,4,0,0
2019-06-14T13:56:26Z,2.765,Bird,0,0,37,64
2019-06-14T16:24:31Z,5.19944444444444,Bird,0,0,96,113
2019-06-14T12:18:53Z,1.09833333333333,Bird,0,0,14,22
2019-06-14T15:05:51Z,3.83666666666667,Bird,0,0,66,86
2019-06-14T15:44:06Z,4.42194444444444,Lime,77,100,0,0
2019-06-14T11:52:50Z,0.508888888888889,Bird,0,0,8,8
2019-06-14T12:51:49Z,1.47111111111111,Lime,19,36,0,0
2019-06-14T12:19:06Z,0.897777777777778,Bird,0,0,14,21
2019-06-14T12:18:47Z,0.888888888888889,Bird,0,0,14,19
2019-06-14T16:00:50Z,4.53,Bird,0,0,86,103
2019-06-14T12:47:33Z,1.28611111111111,Lime,15,35,0,0
2019-06-14T11:39:46Z,0.147222222222222,Lime,2,1,0,0
2019-06-14T11:49:25Z,0.101388888888889,Lime,1,3,0,0
2019-06-14T19:06:07Z,7.37194444444444,Lime,187,125,0,0
2019-06-14T11:50:28Z,0.0897222222222222,Bird,0,0,2,3
2019-06-14T14:44:17Z,2.94666666666667,Lime,47,68,0,0
2019-06-14T13:25:33Z,1.60055555555556,Bird,0,0,18,39
2019-06-14T16:42:48Z,4.83888888888889,Lime,98,111,0,0
2019-06-15T07:17:44Z,19.3647222222222,Bird,0,0,221,122
2019-06-14T12:14:54Z,0.306666666666667,Bird,0,0,6,4
2019-06-14T19:48:14Z,7.84888888888889,Bird,0,0,211,116
2019-06-14T14:00:30Z,2.04472222222222,Lime,29,52,0,0
2019-06-15T05:03:59Z,17.0702777777778,Bird,0,0,217,117
2019-06-14T12:49:42Z,0.705,Lime,6,22,0,0
2019-06-14T18:55:02Z,6.78638888888889,Lime,173,114,0,0
2019-06-14T14:29:59Z,2.36472222222222,Lime,36,56,0,0
2019-06-14T13:52:09Z,1.73333333333333,Bird,0,0,21,43
2019-06-14T17:13:53Z,5.07416666666667,Bird,0,0,106,113
2019-06-14T14:39:46Z,2.48638888888889,Lime,38,56,0,0
2019-06-16T04:07:33Z,39.9319444444444,Bird,0,0,417,355
2019-06-14T12:42:16Z,0.495,Bird,0,0,2,19
2019-06-14T13:31:15Z,1.30916666666667,Bird,0,0,17,32
2019-06-14T14:27:50Z,2.22305555555556,Lime,34,53,0,0
2019-06-14T16:55:49Z,4.67555555555556,Lime,95,108,0,0
2019-06-14T15:09:54Z,2.85638888888889,Lime,52,67,0,0
2019-06-14T15:16:26Z,2.90472222222222,Bird,0,0,54,65
2019-06-14T13:39:10Z,1.23027777777778,Bird,0,0,17,27
2019-06-14T13:39:11Z,1.22527777777778,Bird,0,0,17,28
2019-06-14T12:37:07Z,0.169166666666667,Bird,0,0,1,5
2019-06-14T12:59:48Z,0.360277777777778,Bird,0,0,5,5
2019-06-14T13:04:40Z,0.430555555555556,Bird,0,0,5,6
2019-06-14T13:05:08Z,0.412222222222222,Bird,0,0,5,5
2019-06-14T15:02:00Z,2.34361111111111,Bird,0,0,50,48
2019-06-15T07:22:47Z,18.6761111111111,Bird,0,0,213,101
2019-06-14T12:54:15Z,0.164722222222222,Lime,4,0,0,0
2019-06-14T13:56:31Z,1.12527777777778,Bird,0,0,19,26
2019-06-14T14:24:11Z,1.57694444444444,Bird,0,0,27,30
2019-06-14T15:40:24Z,2.82888888888889,Bird,0,0,55,61
2019-06-14T15:03:13Z,2.18305555555556,Bird,0,0,46,47
2019-06-14T14:56:28Z,2.07027777777778,Lime,41,42,0,0
2019-06-14T17:29:34Z,4.61194444444444,Lime,114,92,0,0
2019-06-14T14:24:00Z,1.47472222222222,Bird,0,0,24,28
2019-06-14T14:24:26Z,1.48027777777778,Bird,0,0,24,30
2019-06-14T14:08:06Z,1.20333333333333,Lime,17,27,0,0
2019-06-14T13:21:54Z,0.401944444444444,Lime,1,5,0,0
2019-06-15T11:19:30Z,22.3338888888889,Bird,0,0,224,143
2019-06-14T13:13:01Z,0.151388888888889,Bird,0,0,1,2
2019-06-14T15:36:29Z,2.53888888888889,Bird,0,0,52,55
2019-06-14T13:54:49Z,0.837777777777778,Bird,0,0,15,21
2019-06-14T17:12:51Z,4.08083333333333,Lime,95,88,0,0
2019-06-14T15:59:25Z,2.73555555555556,Bird,0,0,65,61
2019-06-14T14:51:43Z,1.58166666666667,Bird,0,0,36,34
2019-06-14T23:16:44Z,9.98222222222222,Bird,0,0,204,87
2019-06-14T13:36:03Z,0.292777777777778,Bird,0,0,9,8
2019-06-14T13:54:48Z,0.513611111111111,Bird,0,0,11,15
2019-06-14T13:32:09Z,0.123888888888889,Bird,0,0,6,4
2019-06-14T17:40:51Z,4.26416666666667,Lime,122,83,0,0
2019-06-14T13:29:44Z,0.0430555555555556,Lime,1,1,0,0
2019-06-14T14:58:06Z,1.50555555555556,Bird,0,0,38,34
2019-06-14T17:27:29Z,3.97166666666667,Lime,104,81,0,0
2019-06-14T13:43:02Z,0.225555555555556,Bird,0,0,5,8
2019-06-14T13:45:28Z,0.2475,Lime,1,9,0,0
2019-06-14T14:55:37Z,1.38805555555556,Bird,0,0,30,28
2019-06-14T13:55:14Z,0.376388888888889,Bird,0,0,5,10
2019-06-14T16:26:41Z,2.88333333333333,Lime,66,62,0,0
2019-06-14T15:19:37Z,1.75833333333333,Lime,38,38,0,0
2019-06-14T14:56:50Z,1.37694444444444,Bird,0,0,31,28
2019-06-14T13:44:24Z,0.155555555555556,Bird,0,0,1,6
2019-06-14T14:08:30Z,0.555555555555556,Lime,8,14,0,0
2019-06-14T14:14:04Z,0.534722222222222,Bird,0,0,11,10
2019-06-14T14:12:59Z,0.493611111111111,Lime,9,8,0,0
2019-06-14T17:26:29Z,3.70972222222222,Lime,97,72,0,0
2019-06-14T15:13:14Z,1.43333333333333,Bird,0,0,35,30
2019-06-14T15:57:48Z,2.175,Bird,0,0,52,45
2019-06-14T16:41:53Z,2.89083333333333,Bird,0,0,73,61
2019-06-14T18:14:28Z,4.41666666666667,Lime,126,71,0,0
2019-06-15T10:43:52Z,20.9011111111111,Bird,0,0,207,111
2019-06-15T10:43:53Z,20.8997222222222,Bird,0,0,207,112
2019-06-14T13:59:42Z,0.133333333333333,Bird,0,0,3,6
2019-06-14T14:22:57Z,0.488055555555556,Bird,0,0,9,6
2019-06-14T19:16:10Z,5.36638888888889,Lime,159,70,0,0
2019-06-14T14:27:14Z,0.526111111111111,Lime,10,8,0,0
2019-06-15T12:13:14Z,22.2869444444444,Bird,0,0,221,143
2019-06-14T17:13:50Z,3.29277777777778,Lime,82,67,0,0
2019-06-14T19:34:17Z,5.61222222222222,Lime,170,65,0,0
2019-06-15T10:20:45Z,20.3861111111111,Bird,0,0,201,94
2019-06-14T19:01:04Z,5.05777777777778,Lime,153,65,0,0
2019-06-14T17:28:27Z,3.50805555555556,Lime,95,65,0,0
2019-06-14T16:48:45Z,2.83444444444444,Bird,0,0,71,58
2019-06-14T17:40:43Z,3.66972222222222,Bird,0,0,108,64
2019-06-14T14:48:29Z,0.758611111111111,Bird,0,0,18,10
2019-06-14T15:11:40Z,1.00666666666667,Lime,26,22,0,0
2019-06-14T14:57:03Z,0.759166666666667,Bird,0,0,22,15
2019-06-14T14:40:48Z,0.426111111111111,Lime,10,7,0,0
2019-06-14T16:59:37Z,2.73194444444444,Bird,0,0,68,63
2019-06-14T15:52:53Z,1.58055555555556,Bird,0,0,39,36
2019-06-14T14:58:02Z,0.638055555555556,Lime,21,16,0,0
2019-06-14T14:22:19Z,0.0208333333333333,Lime,0,0,0,0
2019-06-14T16:29:02Z,2.11,Lime,54,49,0,0
2019-06-14T16:46:02Z,2.29694444444444,Lime,58,50,0,0
2019-06-14T14:49:57Z,0.338055555555556,Lime,8,5,0,0
2019-06-14T17:55:25Z,3.40555555555556,Bird,0,0,106,57
2019-06-15T04:33:38Z,14.0386111111111,Bird,0,0,175,58
2019-06-14T14:56:57Z,0.299444444444444,Lime,10,8,0,0
2019-06-14T14:57:48Z,0.311666666666667,Lime,11,9,0,0
2019-06-14T17:32:52Z,2.845,Bird,0,0,85,56
2019-06-14T19:47:42Z,5.01444444444444,Lime,162,54,0,0
2019-06-15T05:04:35Z,14.2891666666667,Bird,0,0,170,57
2019-06-14T16:44:12Z,1.93138888888889,Bird,0,0,51,45
2019-06-14T14:53:53Z,0.0733333333333333,Lime,2,1,0,0
2019-06-14T17:39:16Z,2.77972222222222,Lime,83,52,0,0
2019-06-14T14:55:20Z,0.0172222222222222,Bird,0,0,1,0
2019-06-14T23:15:34Z,8.35416666666667,Bird,0,0,165,52
2019-06-14T16:35:00Z,1.6775,Bird,0,0,40,39
2019-06-15T09:24:30Z,18.4483333333333,Bird,0,0,172,62
2019-06-15T09:24:27Z,18.4472222222222,Bird,0,0,172,61
2019-06-14T17:57:41Z,3.00111111111111,Bird,0,0,93,48
2019-06-14T17:30:05Z,2.53861111111111,Lime,72,48,0,0
2019-06-14T15:23:16Z,0.4175,Bird,0,0,6,10
2019-06-14T15:39:32Z,0.677777777777778,Bird,0,0,8,14
2019-06-14T15:20:21Z,0.349722222222222,Bird,0,0,5,7
2019-06-14T16:00:45Z,1.01277777777778,Lime,22,21,0,0
2019-06-15T12:52:14Z,21.8669444444444,Bird,0,0,213,142
2019-06-14T21:06:53Z,6.10972222222222,Bird,0,0,161,46
2019-06-14T16:41:22Z,1.67166666666667,Bird,0,0,40,35
2019-06-14T19:10:59Z,4.15416666666667,Lime,129,46,0,0
2019-06-14T19:04:04Z,4.01972222222222,Lime,125,45,0,0
2019-06-15T11:49:08Z,20.7680555555556,Bird,0,0,183,106
2019-06-15T11:38:52Z,20.5966666666667,Bird,0,0,181,103
2019-06-15T16:41:41Z,25.6247222222222,Bird,0,0,303,268
2019-06-14T16:04:28Z,0.990833333333333,Lime,24,20,0,0
2019-06-14T21:13:49Z,6.09694444444444,Bird,0,0,160,42
2019-06-14T16:32:44Z,1.38527777777778,Bird,0,0,35,28
2019-06-14T16:52:10Z,1.68583333333333,Bird,0,0,42,36
2019-06-14T15:42:46Z,0.504166666666667,Lime,8,12,0,0
2019-06-14T15:32:40Z,0.28,Bird,0,0,5,6
2019-06-14T17:25:44Z,2.15416666666667,Lime,59,40,0,0
2019-06-14T15:40:00Z,0.390833333333333,Lime,5,9,0,0
2019-06-14T16:06:40Z,0.820277777777778,Bird,0,0,22,18
2019-06-14T21:20:00Z,6.01111111111111,Lime,157,40,0,0
2019-06-14T15:42:34Z,0.385,Lime,6,10,0,0
2019-06-14T15:51:56Z,0.536944444444444,Lime,11,12,0,0
2019-06-14T15:49:30Z,0.487777777777778,Lime,10,11,0,0
2019-06-14T20:26:28Z,4.93166666666667,Bird,0,0,153,35
2019-06-14T15:52:57Z,0.370555555555556,Lime,9,8,0,0
2019-06-14T16:31:11Z,0.985,Bird,0,0,28,20
2019-06-14T16:02:00Z,0.494444444444444,Bird,0,0,15,10
2019-06-14T16:16:31Z,0.71,Bird,0,0,23,16
2019-06-14T15:38:26Z,0.0413888888888889,Bird,0,0,0,2
2019-06-14T19:15:28Z,3.64055555555556,Lime,122,33,0,0
2019-06-14T16:41:07Z,1.05194444444444,Bird,0,0,33,22
2019-06-15T04:11:43Z,12.54,Bird,0,0,153,32
2019-06-14T15:42:47Z,0.0327777777777778,Bird,0,0,3,0
2019-06-14T16:28:33Z,0.775833333333333,Bird,0,0,23,14
2019-06-14T23:47:37Z,8.09083333333333,Bird,0,0,151,30
2019-06-14T17:02:27Z,1.27694444444444,Lime,33,28,0,0
2019-06-14T18:24:18Z,2.63694444444444,Lime,85,28,0,0
2019-06-15T04:26:39Z,12.5783333333333,Bird,0,0,144,29
2019-06-15T16:59:16Z,25.09,Bird,0,0,291,254
2019-06-14T17:26:22Z,1.53583333333333,Lime,45,27,0,0
2019-06-14T17:09:50Z,1.25361111111111,Bird,0,0,32,27
2019-06-14T17:30:42Z,1.59972222222222,Lime,53,27,0,0
2019-06-14T15:58:14Z,0.0447222222222222,Lime,1,1,0,0
2019-06-14T16:12:30Z,0.272777777777778,Lime,12,8,0,0
2019-06-14T16:12:12Z,0.264444444444444,Lime,11,8,0,0
2019-06-14T16:31:00Z,0.521944444444444,Lime,13,10,0,0
2019-06-15T04:23:14Z,12.3813888888889,Bird,0,0,139,26
2019-06-14T16:20:02Z,0.312222222222222,Bird,0,0,8,7
2019-06-14T17:49:40Z,1.78111111111111,Lime,62,24,0,0
2019-06-14T16:26:20Z,0.385555555555556,Lime,6,8,0,0
2019-06-15T06:21:54Z,14.2952777777778,Bird,0,0,136,28
2019-06-14T16:11:28Z,0.0991666666666667,Lime,3,3,0,0
2019-06-15T14:19:24Z,22.2086111111111,Bird,0,0,225,160
2019-06-14T17:25:18Z,1.30388888888889,Lime,36,21,0,0
2019-06-14T16:38:28Z,0.520833333333333,Lime,13,10,0,0
2019-06-15T13:28:14Z,21.3286111111111,Bird,0,0,203,135
2019-06-14T17:35:38Z,1.43416666666667,Lime,48,20,0,0
2019-06-14T17:57:47Z,1.80222222222222,Bird,0,0,64,20
2019-06-14T20:31:55Z,4.34722222222222,Lime,133,19,0,0
2019-06-15T06:55:52Z,14.745,Bird,0,0,135,24
2019-06-14T19:48:39Z,3.61916666666667,Lime,124,19,0,0
2019-06-15T07:26:27Z,15.2291666666667,Bird,0,0,133,26
2019-06-14T16:54:03Z,0.681666666666667,Lime,13,15,0,0
2019-06-14T19:56:02Z,3.705,Lime,127,19,0,0
2019-06-14T18:22:10Z,2.13722222222222,Lime,66,19,0,0
2019-06-14T19:09:45Z,2.91277777777778,Lime,99,19,0,0
2019-06-14T17:24:30Z,1.1,Lime,30,18,0,0
2019-06-14T17:00:08Z,0.646111111111111,Bird,0,0,15,17
2019-06-14T16:55:52Z,0.553055555555556,Lime,14,13,0,0
2019-06-15T12:06:11Z,19.6766666666667,Bird,0,0,159,87
2019-06-14T16:51:05Z,0.423055555555556,Lime,12,10,0,0
2019-06-15T04:22:23Z,11.9213888888889,Bird,0,0,128,16
2019-06-14T19:24:38Z,2.90194444444444,Lime,101,15,0,0
2019-06-14T23:09:23Z,6.63944444444444,Bird,0,0,125,15
2019-06-14T17:01:37Z,0.500833333333333,Bird,0,0,10,14
2019-06-14T17:22:35Z,0.848055555555556,Lime,23,14,0,0
2019-06-14T17:22:36Z,0.848055555555556,Lime,23,14,0,0
2019-06-14T16:46:36Z,0.241666666666667,Bird,0,0,7,6
2019-06-14T17:26:51Z,0.903055555555556,Lime,29,14,0,0
2019-06-14T17:13:29Z,0.644166666666667,Lime,17,13,0,0
2019-06-14T17:20:58Z,0.739722222222222,Lime,20,11,0,0
2019-06-14T17:21:14Z,0.725555555555556,Lime,20,11,0,0
2019-06-14T17:52:32Z,1.21222222222222,Lime,49,11,0,0
2019-06-14T23:27:11Z,6.78611111111111,Bird,0,0,120,11
2019-06-14T18:51:13Z,2.18138888888889,Lime,78,11,0,0
2019-06-14T20:41:12Z,4.0025,Lime,120,11,0,0
2019-06-14T17:23:04Z,0.693611111111111,Lime,18,10,0,0
2019-06-14T16:57:04Z,0.258333333333333,Bird,0,0,5,6
2019-06-14T19:44:23Z,3.03194444444444,Bird,0,0,107,9
2019-06-14T18:50:51Z,2.11083333333333,Lime,75,8,0,0
2019-06-14T17:16:28Z,0.505,Lime,12,8,0,0
2019-06-16T09:43:19Z,40.9275,Bird,0,0,328,255
2019-06-14T17:03:22Z,0.253333333333333,Lime,4,7,0,0
2019-06-15T04:28:49Z,11.5763888888889,Bird,0,0,117,5
2019-06-15T12:33:00Z,19.6411111111111,Bird,0,0,155,89
2019-06-14T19:24:04Z,2.45805555555556,Lime,90,4,0,0
2019-06-14T17:40:38Z,0.733888888888889,Lime,34,4,0,0
2019-06-14T17:40:50Z,0.734722222222222,Lime,35,4,0,0
2019-06-15T12:21:39Z,19.3886111111111,Bird,0,0,148,82
2019-06-14T23:02:52Z,6.06416666666667,Bird,0,0,115,2
2019-06-15T11:21:51Z,18.3372222222222,Bird,0,0,134,54
2019-06-15T11:50:33Z,18.8005555555556,Bird,0,0,137,62
2019-06-14T20:44:17Z,3.68416666666667,Bird,0,0,114,0
2019-06-14T19:21:04Z,2.23166666666667,Lime,85,0,0,0
2019-06-14T17:50:22Z,0.708611111111111,Lime,38,0,0,0
2019-06-15T10:30:26Z,17.3752777777778,Bird,0,0,123,37
2019-06-15T11:38:41Z,18.4977777777778,Bird,0,0,132,57
2019-06-14T18:31:22Z,1.35361111111111,Lime,59,0,0,0
2019-06-14T19:37:16Z,2.4475,Lime,93,0,0,0
2019-06-15T11:03:33Z,17.88,Bird,0,0,128,46
2019-06-14T17:47:12Z,0.582777777777778,Lime,34,0,0,0
2019-06-14T17:31:42Z,0.316111111111111,Lime,22,0,0,0
2019-06-14T17:21:54Z,0.0930555555555556,Lime,3,0,0,0
2019-06-14T21:01:50Z,3.70194444444444,Lime,105,0,0,0
2019-06-14T17:36:08Z,0.191944444444444,Lime,14,0,0,0
2019-06-19T11:46:16Z,114.335833333333,Lime,675,507,0,0
2019-06-14T18:25:59Z,0.950555555555556,Lime,34,0,0,0
2019-06-14T18:25:59Z,0.950277777777778,Lime,34,0,0,0
2019-06-14T18:23:39Z,0.901111111111111,Lime,28,0,0,0
2019-06-14T19:30:24Z,2.01194444444444,Lime,68,0,0,0
2019-06-14T17:48:17Z,0.295277777777778,Lime,15,0,0,0
2019-06-14T20:38:13Z,3.11777777777778,Lime,87,0,0,0
2019-06-14T19:12:43Z,1.68083333333333,Lime,56,0,0,0
2019-06-14T18:26:22Z,0.901111111111111,Lime,31,0,0,0
2019-06-14T18:48:08Z,1.24861111111111,Lime,42,0,0,0
2019-06-14T19:29:17Z,1.93138888888889,Lime,64,0,0,0
2019-06-14T18:05:44Z,0.531388888888889,Lime,19,0,0,0
2019-06-14T17:40:29Z,0.07,Lime,2,0,0,0
2019-06-14T19:30:25Z,1.85888888888889,Lime,62,0,0,0
2019-06-14T19:32:01Z,1.88472222222222,Lime,63,0,0,0
2019-06-14T18:23:57Z,0.707222222222222,Lime,16,0,0,0
2019-06-14T21:13:42Z,3.49805555555556,Lime,78,0,0,0
2019-06-14T19:01:28Z,1.27888888888889,Lime,42,0,0,0
2019-06-14T18:44:57Z,0.935555555555556,Lime,29,0,0,0
2019-06-14T18:37:58Z,0.818888888888889,Lime,26,0,0,0
2019-06-14T18:48:35Z,0.992222222222222,Lime,30,0,0,0
2019-06-14T19:20:33Z,1.49916666666667,Lime,46,0,0,0
2019-06-14T20:19:17Z,2.4575,Lime,71,0,0,0
2019-06-14T19:04:18Z,1.19861111111111,Lime,36,0,0,0
2019-06-14T20:10:03Z,2.29194444444444,Lime,70,0,0,0
2019-06-14T20:06:50Z,2.23694444444444,Lime,70,0,0,0
2019-06-14T18:28:25Z,0.582222222222222,Lime,15,0,0,0
2019-06-14T18:21:52Z,0.461388888888889,Lime,5,0,0,0
2019-06-14T18:28:36Z,0.571944444444444,Lime,16,0,0,0
2019-06-14T18:35:09Z,0.656666666666667,Lime,19,0,0,0
2019-06-14T18:38:52Z,0.715,Lime,23,0,0,0
2019-06-14T19:54:26Z,1.97305555555556,Lime,64,0,0,0
2019-06-14T19:41:11Z,1.71805555555556,Lime,54,0,0,0
2019-06-14T19:05:31Z,1.07,Lime,35,0,0,0
2019-06-14T18:24:50Z,0.375555555555556,Lime,8,0,0,0
2019-06-14T18:56:28Z,0.9025,Lime,29,0,0,0
2019-06-14T18:15:02Z,0.208611111111111,Lime,3,0,0,0
2019-06-14T18:37:38Z,0.331111111111111,Lime,16,0,0,0
2019-06-14T18:25:01Z,0.0805555555555556,Lime,5,0,0,0
2019-06-14T18:25:41Z,0.0666666666666667,Lime,6,0,0,0
2019-06-14T21:30:29Z,3.09305555555556,Bird,0,0,60,0
2019-06-14T19:22:38Z,0.941388888888889,Lime,31,0,0,0
2019-06-14T21:33:30Z,3.11611111111111,Lime,55,0,0,0
2019-06-14T19:33:12Z,1.10472222222222,Lime,34,0,0,0
2019-06-14T19:02:22Z,0.589166666666667,Lime,20,0,0,0
2019-06-14T18:59:58Z,0.468611111111111,Lime,14,0,0,0
2019-06-14T19:09:51Z,0.632777777777778,Lime,20,0,0,0
2019-06-14T19:13:28Z,0.681944444444444,Lime,20,0,0,0
2019-06-14T18:50:58Z,0.303888888888889,Lime,8,0,0,0
2019-06-14T19:24:40Z,0.821944444444444,Lime,26,0,0,0
2019-06-14T19:36:17Z,0.990277777777778,Lime,32,0,0,0
2019-06-14T21:08:00Z,2.45194444444444,Lime,46,0,0,0
2019-06-14T19:26:08Z,0.66,Lime,21,0,0,0
2019-06-14T19:35:46Z,0.820277777777778,Lime,27,0,0,0
2019-06-14T19:06:02Z,0.299166666666667,Lime,11,0,0,0
2019-06-14T19:41:58Z,0.855277777777778,Lime,31,0,0,0
2019-06-14T19:21:02Z,0.445,Lime,15,0,0,0
2019-06-14T19:21:15Z,0.446111111111111,Lime,16,0,0,0
2019-06-14T19:31:46Z,0.591388888888889,Lime,18,0,0,0
2019-06-14T21:07:45Z,2.17972222222222,Lime,38,0,0,0
2019-06-14T19:23:57Z,0.401111111111111,Lime,12,0,0,0
2019-06-14T19:55:06Z,0.919166666666667,Lime,32,0,0,0
2019-06-14T19:42:38Z,0.6375,Lime,21,0,0,0
2019-06-14T19:09:30Z,0.0544444444444444,Lime,0,0,0,0
2019-06-15T09:21:12Z,14.225,Lime,42,13,0,0
2019-06-14T19:55:52Z,0.799722222222222,Lime,30,0,0,0
2019-06-14T19:39:08Z,0.450833333333333,Lime,14,0,0,0
2019-06-14T19:19:55Z,0.116111111111111,Lime,4,0,0,0
2019-06-14T19:33:56Z,0.348611111111111,Lime,11,0,0,0
2019-06-14T19:24:02Z,0.0891666666666667,Lime,6,0,0,0
2019-06-14T19:55:41Z,0.518888888888889,Lime,21,0,0,0
2019-06-14T19:57:27Z,0.486111111111111,Lime,22,0,0,0
2019-06-14T20:36:10Z,1.12361111111111,Lime,23,0,0,0
2019-06-14T20:22:39Z,0.870833333333333,Lime,23,0,0,0
2019-06-14T22:44:32Z,3.2275,Lime,22,0,0,0
2019-06-14T19:37:10Z,0.0783333333333333,Lime,4,0,0,0
2019-06-14T23:51:55Z,4.27805555555556,Lime,18,0,0,0
2019-06-14T19:37:28Z,0.0191666666666667,Lime,0,0,0,0
2019-06-14T19:41:40Z,0.0322222222222222,Lime,3,0,0,0
2019-06-14T20:00:55Z,0.281666666666667,Lime,13,0,0,0
2019-06-14T20:42:51Z,0.9775,Lime,13,0,0,0
2019-06-14T20:04:02Z,0.328333333333333,Lime,13,0,0,0
2019-06-14T19:45:51Z,0.0247222222222222,Lime,2,0,0,0
2019-06-14T20:18:41Z,0.508888888888889,Lime,7,0,0,0
2019-06-14T20:33:46Z,0.757777777777778,Lime,7,0,0,0
2019-06-14T19:58:07Z,0.141944444444444,Bird,0,0,4,0
2019-06-14T20:00:01Z,0.116388888888889,Lime,5,0,0,0
2019-06-14T20:31:46Z,0.514722222222222,Lime,0,0,0,0
2019-06-14T20:31:59Z,0.518055555555556,Lime,0,0,0,0
2019-06-14T20:17:46Z,0.121944444444444,Lime,0,0,0,0
2019-06-14T20:23:50Z,0.195277777777778,Lime,0,0,0,0
2019-06-14T20:42:30Z,0.436944444444444,Lime,0,0,0,0
2019-06-14T22:45:07Z,2.27194444444444,Lime,0,0,0,0
2019-06-14T22:45:58Z,2.28361111111111,Lime,0,0,0,0
2019-06-14T20:42:51Z,0.140555555555556,Lime,0,0,0,0
2019-06-14T20:42:39Z,0.135277777777778,Lime,0,0,0,0
2019-06-15T15:42:56Z,18.9605555555556,Lime,122,199,0,0
2019-06-14T20:48:45Z,0.0488888888888889,Lime,0,0,0,0
2019-06-14T20:49:22Z,0.0544444444444444,Lime,0,0,0,0
2019-06-14T20:49:03Z,0.0361111111111111,Lime,0,0,0,0
2019-06-15T08:03:59Z,11.1861111111111,Lime,3,10,0,0
2019-06-15T11:15:11Z,13.235,Lime,18,49,0,0
2019-06-19T22:12:05Z,120,Bird,0,0,577,507
2019-06-15T04:17:42Z,5.13972222222222,Bird,0,0,0,0
2019-06-15T12:24:39Z,13.2519444444444,Bird,0,0,33,81
2019-06-15T07:34:48Z,8.32833333333333,Bird,0,0,3,9
2019-06-16T23:11:28Z,47.8494444444444,Bird,0,0,318,364
2019-06-15T04:46:18Z,5.40194444444444,Bird,0,0,0,1
2019-06-15T10:25:58Z,11.0088888888889,Bird,0,0,12,34
2019-06-15T10:03:01Z,10.2691666666667,Bird,0,0,11,18
2019-06-15T04:07:00Z,3.55388888888889,Bird,0,0,0,0
2019-06-15T04:53:20Z,4.19888888888889,Bird,0,0,0,2
2019-06-15T04:09:45Z,3.47083333333333,Bird,0,0,0,0
2019-06-15T14:38:50Z,13.8066666666667,Bird,0,0,95,148
2019-06-15T04:48:51Z,0.177777777777778,Bird,0,0,0,0
2019-06-15T09:29:11Z,4.60416666666667,Bird,0,0,11,13
2019-06-15T12:20:36Z,7.15777777777778,Bird,0,0,33,74
2019-06-15T06:45:35Z,0.670555555555556,Bird,0,0,1,0
2019-06-15T10:17:16Z,4.08944444444444,Bird,0,0,12,20
2019-06-15T10:17:15Z,4.08888888888889,Bird,0,0,12,19
2019-06-15T12:54:19Z,6.59694444444444,Bird,0,0,52,95
2019-06-15T12:37:19Z,6.31361111111111,Bird,0,0,38,84
2019-06-15T12:53:21Z,6.58055555555556,Bird,0,0,52,93
2019-06-15T11:19:20Z,4.97666666666667,Bird,0,0,19,47
2019-06-15T11:01:26Z,4.67833333333333,Bird,0,0,18,41
2019-06-15T11:20:48Z,5.00083333333333,Bird,0,0,19,49
2019-06-15T09:31:27Z,3.14194444444444,Bird,0,0,11,11
2019-06-15T14:56:19Z,8.55638888888889,Bird,0,0,103,154
2019-06-15T15:02:45Z,8.66333333333333,Bird,0,0,104,163
2019-06-15T15:43:38Z,9.30722222222222,Bird,0,0,125,195
2019-06-15T15:44:41Z,9.32472222222222,Bird,0,0,125,197
2019-06-15T15:41:59Z,9.27916666666667,Bird,0,0,121,194
2019-06-18T11:22:53Z,76.6183333333333,Bird,0,0,576,502
2019-06-17T17:34:23Z,58.8097222222222,Bird,0,0,517,502
2019-06-17T21:48:27Z,63.0441666666667,Bird,0,0,576,502
2019-06-15T12:03:23Z,5.28583333333333,Bird,0,0,27,64
2019-06-15T11:59:24Z,5.21916666666667,Bird,0,0,23,62
2019-06-15T11:48:10Z,5.03083333333333,Lime,21,55,0,0
2019-06-15T12:13:05Z,5.35972222222222,Bird,0,0,30,70
2019-06-15T12:36:55Z,5.75694444444444,Bird,0,0,37,82
2019-06-15T12:38:00Z,5.775,Bird,0,0,37,84
2019-06-17T12:10:41Z,53.2816666666667,Bird,0,0,387,412
2019-06-17T19:07:45Z,60.2325,Bird,0,0,552,502
2019-06-17T19:07:40Z,60.2311111111111,Bird,0,0,552,502
2019-06-15T10:27:16Z,3.55666666666667,Bird,0,0,10,30
2019-06-15T08:06:39Z,1.21277777777778,Bird,0,0,2,5
2019-06-15T10:30:05Z,3.60333333333333,Bird,0,0,10,31
2019-06-15T07:26:28Z,0.516111111111111,Bird,0,0,1,3
2019-06-15T10:25:31Z,3.47166666666667,Bird,0,0,10,27
2019-06-15T10:19:00Z,3.36277777777778,Bird,0,0,10,20
2019-06-15T10:25:27Z,3.47027777777778,Bird,0,0,10,26
2019-06-15T12:10:27Z,5.16111111111111,Bird,0,0,27,67
2019-06-15T12:12:20Z,5.19222222222222,Bird,0,0,29,68
2019-06-15T11:32:54Z,4.535,Bird,0,0,19,50
2019-06-15T08:06:25Z,1.08138888888889,Lime,1,4,0,0
2019-06-15T11:59:55Z,4.96444444444444,Bird,0,0,24,62
2019-06-15T14:09:50Z,7.12277777777778,Bird,0,0,86,126
2019-06-15T17:22:01Z,10.1736111111111,Bird,0,0,156,222
2019-06-15T08:34:27Z,1.37777777777778,Bird,0,0,3,7
2019-06-15T12:11:40Z,4.82222222222222,Lime,26,67,0,0
2019-06-15T08:44:37Z,1.275,Bird,0,0,4,4
2019-06-15T10:14:38Z,2.71694444444444,Bird,0,0,9,13
2019-06-15T10:41:28Z,3.015,Bird,0,0,12,28
2019-06-15T10:41:45Z,2.58055555555556,Bird,0,0,11,28
2019-06-15T08:10:49Z,0.0458333333333333,Bird,0,0,0,0
2019-06-15T10:59:29Z,2.71583333333333,Bird,0,0,14,31
2019-06-15T08:22:12Z,0.0769444444444444,Lime,0,0,0,0
2019-06-15T08:26:22Z,0.0522222222222222,Lime,0,0,0,0
2019-06-15T08:38:51Z,0.0711111111111111,Lime,0,0,0,0
2019-06-15T12:03:46Z,3.25,Lime,20,57,0,0
2019-06-15T19:57:57Z,10.9927777777778,Lime,196,215,0,0
2019-06-15T19:56:14Z,10.7583333333333,Lime,194,215,0,0
2019-06-15T13:31:02Z,3.95972222222222,Lime,58,100,0,0
2019-06-15T09:47:48Z,0.238333333333333,Bird,0,0,0,1
2019-06-15T11:59:33Z,2.39194444444444,Lime,13,52,0,0
2019-06-15T09:47:34Z,0.121111111111111,Bird,0,0,0,0
2019-06-15T10:20:31Z,0.418333333333333,Bird,0,0,1,10
2019-06-15T10:20:20Z,0.413888888888889,Bird,0,0,1,9
2019-06-15T23:47:28Z,13.8616666666667,Bird,0,0,194,219
2019-06-15T10:13:36Z,0.2,Bird,0,0,1,2
2019-06-15T10:06:55Z,0.0261111111111111,Bird,0,0,0,0
2019-06-16T14:08:28Z,27.9716666666667,Bird,0,0,235,293
2019-06-15T12:56:19Z,2.63611111111111,Bird,0,0,42,75
2019-06-15T12:40:41Z,2.37166666666667,Lime,29,66,0,0
2019-06-15T12:45:32Z,2.38805555555556,Bird,0,0,35,62
2019-06-15T13:17:26Z,2.84805555555556,Bird,0,0,55,74
2019-06-15T13:08:15Z,2.6875,Bird,0,0,50,73
2019-06-15T12:05:48Z,1.58472222222222,Bird,0,0,17,32
2019-06-15T14:48:59Z,4.30277777777778,Bird,0,0,85,117
2019-06-15T12:23:53Z,1.88333333333333,Bird,0,0,21,42
2019-06-15T13:53:21Z,3.29222222222222,Bird,0,0,64,87
2019-06-15T23:53:44Z,13.2725,Bird,0,0,191,202
2019-06-15T10:53:43Z,0.263611111111111,Bird,0,0,4,4
2019-06-15T11:30:35Z,0.823888888888889,Lime,5,17,0,0
2019-06-15T11:16:10Z,0.566388888888889,Bird,0,0,4,10
2019-06-15T11:15:57Z,0.559444444444444,Bird,0,0,4,9
2019-06-15T13:35:25Z,2.87166666666667,Lime,56,79,0,0
2019-06-15T12:09:38Z,1.35638888888889,Bird,0,0,13,31
2019-06-15T10:51:18Z,0.0452777777777778,Lime,0,0,0,0
2019-06-15T13:42:14Z,2.88722222222222,Bird,0,0,58,81
2019-06-15T14:25:41Z,3.60611111111111,Bird,0,0,75,101
2019-06-15T14:25:34Z,3.60194444444444,Bird,0,0,75,100
2019-06-15T10:57:01Z,0.0869444444444444,Bird,0,0,0,1
2019-06-15T11:46:29Z,0.746666666666667,Bird,0,0,4,13
2019-06-15T11:05:16Z,0.05,Bird,0,0,0,1
2019-06-15T12:14:05Z,1.18,Bird,0,0,14,30
2019-06-15T11:13:59Z,0.15,Bird,0,0,0,1
2019-06-15T14:18:02Z,3.20138888888889,Bird,0,0,72,89
2019-06-15T14:37:24Z,3.52083333333333,Bird,0,0,77,98
2019-06-15T12:02:08Z,0.886111111111111,Lime,9,21,0,0
2019-06-15T12:00:45Z,0.8625,Lime,8,21,0,0
2019-06-15T11:59:37Z,0.8375,Lime,7,20,0,0
2019-06-15T12:50:14Z,1.66277777777778,Bird,0,0,34,45
2019-06-15T13:47:34Z,2.58083333333333,Bird,0,0,58,75
2019-06-15T15:22:07Z,4.10027777777778,Bird,0,0,97,130
2019-06-15T12:40:40Z,1.37361111111111,Lime,21,40,0,0
2019-06-15T11:32:42Z,0.0491666666666667,Bird,0,0,1,0
2019-06-15T23:07:13Z,11.615,Bird,0,0,185,174
2019-06-15T13:45:48Z,2.2575,Bird,0,0,56,68
2019-06-15T12:25:09Z,0.881944444444444,Lime,13,27,0,0
2019-06-15T11:49:04Z,0.216666666666667,Bird,0,0,2,3
2019-06-15T11:51:42Z,0.258611111111111,Bird,0,0,2,7
2019-06-15T14:50:44Z,3.20861111111111,Bird,0,0,79,99
2019-06-15T14:08:14Z,2.47638888888889,Lime,66,73,0,0
2019-06-15T11:51:36Z,0.0811111111111111,Bird,0,0,1,3
2019-06-15T13:26:30Z,1.64277777777778,Bird,0,0,46,53
2019-06-15T12:19:59Z,0.4675,Bird,0,0,10,12
2019-06-15T13:29:36Z,1.61805555555556,Lime,45,50,0,0
2019-06-15T12:17:38Z,0.391666666666667,Bird,0,0,10,9
2019-06-15T14:25:52Z,2.48027777777778,Bird,0,0,69,77
2019-06-15T13:06:08Z,1.12583333333333,Bird,0,0,36,38
2019-06-15T12:57:06Z,0.971111111111111,Bird,0,0,33,35
2019-06-15T12:56:58Z,0.962222222222222,Bird,0,0,33,34
2019-06-15T12:33:10Z,0.557222222222222,Bird,0,0,12,18
2019-06-15T13:33:10Z,1.52138888888889,Bird,0,0,43,47
2019-06-15T12:58:37Z,0.945555555555556,Lime,30,34,0,0
2019-06-15T12:30:32Z,0.445,Bird,0,0,8,13
2019-06-15T15:10:20Z,3.07916666666667,Bird,0,0,80,104
2019-06-15T12:15:12Z,0.146666666666667,Lime,3,4,0,0
2019-06-15T13:01:04Z,0.793611111111111,Bird,0,0,28,27
2019-06-15T16:10:24Z,3.90944444444444,Lime,103,138,0,0
2019-06-15T12:50:27Z,0.543888888888889,Bird,0,0,19,17
2019-06-15T12:51:37Z,0.5625,Bird,0,0,19,18
2019-06-15T12:53:57Z,0.572777777777778,Bird,0,0,19,21
2019-06-15T12:25:30Z,0.0594444444444444,Bird,0,0,2,2
2019-06-15T12:29:07Z,0.0913888888888889,Lime,3,3,0,0
2019-06-15T12:48:03Z,0.365277777777778,Lime,13,10,0,0
2019-06-15T12:48:03Z,0.362222222222222,Lime,13,10,0,0
2019-06-17T04:13:39Z,39.7425,Bird,0,0,282,283
2019-06-15T12:45:07Z,0.241944444444444,Lime,7,7,0,0
2019-06-15T12:45:29Z,0.247222222222222,Lime,9,7,0,0
2019-06-15T12:45:22Z,0.243888888888889,Lime,8,7,0,0
2019-06-15T12:45:42Z,0.235277777777778,Lime,10,8,0,0
2019-06-15T15:38:21Z,3.10638888888889,Bird,0,0,83,108
2019-06-15T16:30:14Z,3.96666666666667,Bird,0,0,103,135
2019-06-15T15:34:49Z,3.03555555555556,Bird,0,0,82,105
2019-06-15T14:49:57Z,2.28638888888889,Lime,61,71,0,0
2019-06-15T14:24:43Z,1.84861111111111,Lime,53,54,0,0
2019-06-15T14:43:58Z,2.16611111111111,Bird,0,0,57,63
2019-06-15T14:56:34Z,2.355,Bird,0,0,65,72
2019-06-15T14:08:08Z,1.54527777777778,Bird,0,0,48,44
2019-06-15T13:58:04Z,1.37527777777778,Bird,0,0,45,40
2019-06-15T13:33:36Z,0.94,Lime,32,29,0,0
2019-06-15T13:59:17Z,1.33666666666667,Bird,0,0,45,38
2019-06-15T13:32:39Z,0.801388888888889,Bird,0,0,26,24
2019-06-15T13:00:07Z,0.244722222222222,Lime,12,11,0,0
2019-06-15T13:24:16Z,0.6175,Lime,18,19,0,0
2019-06-15T15:51:24Z,3.05888888888889,Lime,81,114,0,0
2019-06-15T12:55:27Z,0.103611111111111,Lime,1,7,0,0
2019-06-15T12:55:22Z,0.100277777777778,Lime,0,7,0,0
2019-06-15T12:56:25Z,0.1175,Lime,2,8,0,0
2019-06-15T14:35:36Z,1.73388888888889,Lime,41,51,0,0
2019-06-15T14:20:40Z,1.4725,Lime,38,43,0,0
2019-06-15T23:52:23Z,10.9833333333333,Bird,0,0,153,141
2019-06-15T15:07:35Z,2.23222222222222,Lime,56,75,0,0
2019-06-16T15:27:16Z,26.5525,Bird,0,0,222,240
2019-06-15T15:21:25Z,2.45055555555556,Lime,62,80,0,0
2019-06-15T15:23:34Z,2.485,Lime,65,83,0,0
2019-06-15T13:53:03Z,0.945277777777778,Bird,0,0,23,23
2019-06-15T13:37:50Z,0.69,Bird,0,0,17,18
2019-06-15T16:09:46Z,3.22083333333333,Bird,0,0,80,112
2019-06-17T04:08:43Z,39.1955555555556,Bird,0,0,261,264
2019-06-15T13:13:39Z,0.248611111111111,Lime,6,6,0,0
2019-06-15T13:13:21Z,0.243611111111111,Lime,5,6,0,0
2019-06-15T13:36:34Z,0.611666666666667,Lime,14,16,0,0
2019-06-15T13:21:39Z,0.358611111111111,Lime,8,9,0,0
2019-06-15T13:12:46Z,0.198055555555556,Lime,2,6,0,0
2019-06-15T13:28:14Z,0.445555555555556,Bird,0,0,8,10
2019-06-15T13:03:32Z,0.0302777777777778,Bird,0,0,0,0
2019-06-16T13:04:36Z,24.0441666666667,Bird,0,0,178,180
2019-06-15T13:07:11Z,0.0733333333333333,Bird,0,0,2,2
2019-06-15T13:07:24Z,0.075,Bird,0,0,2,3
2019-06-15T13:43:06Z,0.664166666666667,Lime,15,19,0,0
2019-06-15T13:37:50Z,0.568333333333333,Lime,13,14,0,0
2019-06-15T13:38:15Z,0.573611111111111,Lime,14,15,0,0
2019-06-15T14:04:02Z,0.9925,Bird,0,0,25,24
2019-06-15T17:07:45Z,4.04611111111111,Bird,0,0,92,123
2019-06-15T15:13:50Z,2.13888888888889,Bird,0,0,50,71
2019-06-15T14:48:41Z,1.71805555555556,Bird,0,0,37,49
2019-06-15T16:32:52Z,3.45444444444444,Bird,0,0,82,115
2019-06-15T19:14:40Z,6.15,Lime,136,123,0,0
2019-06-15T14:17:22Z,1.19111111111111,Bird,0,0,30,30
2019-06-15T13:20:21Z,0.202222222222222,Bird,0,0,5,3
2019-06-15T13:17:41Z,0.141111111111111,Bird,0,0,5,1
2019-06-15T13:35:23Z,0.426111111111111,Bird,0,0,9,9
2019-06-15T13:35:13Z,0.419444444444444,Bird,0,0,9,8
2019-06-15T18:53:50Z,5.63222222222222,Lime,124,119,0,0
2019-06-15T13:17:01Z,0.0180555555555556,Lime,1,0,0,0
2019-06-15T15:43:18Z,2.45527777777778,Lime,58,90,0,0
2019-06-15T17:50:23Z,4.57111111111111,Lime,104,119,0,0
2019-06-15T15:04:31Z,1.80194444444444,Lime,39,60,0,0
2019-06-15T14:54:57Z,1.64222222222222,Lime,36,49,0,0
2019-06-15T15:01:13Z,1.68555555555556,Bird,0,0,37,54
2019-06-15T14:18:03Z,0.965833333333333,Bird,0,0,23,27
2019-06-15T15:02:21Z,1.69972222222222,Bird,0,0,37,54
2019-06-15T13:55:08Z,0.538333333333333,Lime,10,13,0,0
2019-06-15T13:25:56Z,0.0388888888888889,Bird,0,0,1,0
2019-06-15T13:56:01Z,0.539722222222222,Lime,11,13,0,0
2019-06-16T09:54:05Z,20.4927777777778,Bird,0,0,142,136
2019-06-17T04:39:27Z,39.2488888888889,Bird,0,0,250,254
2019-06-15T14:30:49Z,1.105,Bird,0,0,24,33
2019-06-15T13:48:30Z,0.382777777777778,Lime,8,11,0,0
2019-06-15T13:41:49Z,0.232777777777778,Bird,0,0,7,8
2019-06-15T13:40:46Z,0.215277777777778,Bird,0,0,7,6
2019-06-15T15:15:02Z,1.78611111111111,Bird,0,0,43,63
2019-06-15T13:57:17Z,0.481388888888889,Bird,0,0,13,10
2019-06-15T14:06:49Z,0.5975,Bird,0,0,17,14
2019-06-15T14:45:51Z,1.23611111111111,Bird,0,0,25,35
2019-06-15T17:46:48Z,4.25194444444444,Lime,96,112,0,0
2019-06-15T13:48:33Z,0.280833333333333,Bird,0,0,7,7
2019-06-15T14:46:01Z,1.23861111111111,Bird,0,0,25,36
2019-06-15T16:54:16Z,3.27222222222222,Bird,0,0,72,106
2019-06-16T09:10:05Z,19.5316666666667,Bird,0,0,136,127
2019-06-15T15:43:27Z,2.07805555555556,Lime,49,79,0,0
2019-06-15T15:42:51Z,2.06333333333333,Lime,46,79,0,0
2019-06-15T14:11:28Z,0.536666666666667,Bird,0,0,13,13
2019-06-15T14:54:15Z,1.24972222222222,Bird,0,0,25,37
2019-06-15T13:57:11Z,0.298333333333333,Bird,0,0,5,5
2019-06-17T04:51:19Z,39.1608333333333,Bird,0,0,243,244
2019-06-16T14:43:11Z,24.9919444444444,Bird,0,0,179,205
2019-06-15T15:04:50Z,1.34555555555556,Bird,0,0,29,47
2019-06-15T15:10:22Z,1.435,Bird,0,0,33,52
2019-06-15T14:35:51Z,0.853611111111111,Lime,18,23,0,0
2019-06-15T16:07:28Z,2.33277777777778,Bird,0,0,60,86
2019-06-15T15:07:13Z,1.31194444444444,Lime,28,49,0,0
2019-06-15T15:07:15Z,1.31194444444444,Lime,30,49,0,0
2019-06-15T15:07:14Z,1.30722222222222,Lime,29,48,0,0
2019-06-15T15:35:42Z,1.76361111111111,Bird,0,0,43,68
2019-06-15T16:07:33Z,2.26944444444444,Bird,0,0,59,86
2019-06-15T14:02:34Z,0.0180555555555556,Lime,0,0,0,0
2019-06-15T15:25:33Z,1.35694444444444,Bird,0,0,34,53
2019-06-15T15:34:38Z,1.50722222222222,Bird,0,0,35,59
2019-06-15T17:06:20Z,3.01416666666667,Lime,65,98,0,0
2019-06-15T15:17:40Z,1.1975,Lime,27,49,0,0
2019-06-15T14:54:23Z,0.806944444444444,Lime,14,28,0,0
2019-06-15T17:47:36Z,3.68861111111111,Lime,81,98,0,0
2019-06-15T15:28:41Z,1.37305555555556,Bird,0,0,34,55
2019-06-15T14:55:05Z,0.804722222222222,Lime,16,28,0,0
2019-06-15T17:08:44Z,3.02638888888889,Lime,66,97,0,0
2019-06-15T15:01:08Z,0.891944444444444,Bird,0,0,18,33
2019-06-15T15:01:07Z,0.889444444444444,Bird,0,0,18,32
2019-06-15T15:22:23Z,1.22027777777778,Lime,28,49,0,0
2019-06-15T15:21:43Z,1.185,Lime,27,47,0,0
2019-06-15T14:25:01Z,0.228888888888889,Bird,0,0,4,8
2019-06-15T14:16:04Z,0.0525,Bird,0,0,2,0
2019-06-15T15:26:41Z,1.2225,Bird,0,0,30,50
2019-06-15T14:25:09Z,0.191944444444444,Bird,0,0,3,8
2019-06-15T14:17:27Z,0.0525,Bird,0,0,1,2
2019-06-15T14:34:32Z,0.327222222222222,Lime,3,12,0,0
2019-06-15T15:12:05Z,0.950555555555556,Lime,20,41,0,0
2019-06-15T15:15:17Z,0.998333333333333,Lime,22,44,0,0
2019-06-15T15:39:49Z,1.34138888888889,Bird,0,0,31,58
2019-06-17T05:53:02Z,39.5283333333333,Bird,0,0,227,227
2019-06-15T23:25:47Z,9.04777777777778,Bird,0,0,114,91
2019-06-15T14:49:55Z,0.4425,Lime,7,15,0,0
2019-06-15T14:37:28Z,0.194722222222222,Bird,0,0,3,3
2019-06-17T05:49:11Z,39.3769444444444,Bird,0,0,226,222
2019-06-16T11:45:00Z,21.2725,Bird,0,0,132,118
2019-06-16T13:17:48Z,22.8013888888889,Bird,0,0,147,147
2019-06-15T23:13:23Z,8.70583333333333,Bird,0,0,113,83
2019-06-15T15:52:12Z,1.32805555555556,Lime,40,61,0,0
2019-06-16T13:53:57Z,23.3441666666667,Bird,0,0,151,159
2019-06-15T14:46:23Z,0.121388888888889,Lime,0,4,0,0
2019-06-15T17:59:40Z,3.32111111111111,Lime,77,79,0,0
2019-06-15T17:03:23Z,2.38138888888889,Bird,0,0,54,79
2019-06-15T14:43:27Z,0.0352777777777778,Bird,0,0,0,0
2019-06-15T15:29:11Z,0.795277777777778,Bird,0,0,25,37
2019-06-16T12:32:56Z,21.8563888888889,Bird,0,0,133,126
2019-06-15T15:22:50Z,0.660277777777778,Bird,0,0,22,32
2019-06-15T14:58:36Z,0.232222222222222,Bird,0,0,8,9
2019-06-15T17:59:19Z,3.17222222222222,Lime,75,72,0,0
2019-06-15T17:44:57Z,2.90444444444444,Lime,63,72,0,0
2019-06-15T15:51:48Z,1.00972222222222,Lime,31,50,0,0
2019-06-15T15:03:05Z,0.188888888888889,Bird,0,0,4,11
2019-06-15T15:04:36Z,0.213333333333333,Bird,0,0,5,12
2019-06-15T15:00:32Z,0.145,Bird,0,0,3,5
2019-06-15T18:51:28Z,3.97555555555556,Lime,87,71,0,0
2019-06-16T12:58:32Z,22.0763888888889,Bird,0,0,130,124
2019-06-15T15:13:15Z,0.285833333333333,Bird,0,0,7,17
2019-06-15T16:34:58Z,1.64222222222222,Bird,0,0,39,63
2019-06-15T15:31:01Z,0.563055555555556,Bird,0,0,17,28
2019-06-15T16:15:13Z,1.295,Bird,0,0,35,57
2019-06-15T15:48:37Z,0.850555555555556,Lime,23,45,0,0
2019-06-15T15:01:06Z,0.0447222222222222,Lime,0,3,0,0
2019-06-15T19:15:41Z,4.28194444444444,Lime,93,66,0,0
2019-06-15T15:14:05Z,0.225277777777778,Lime,7,14,0,0
2019-06-15T15:07:20Z,0.0941666666666667,Bird,0,0,4,6
2019-06-15T15:04:51Z,0.0505555555555556,Bird,0,0,1,5
2019-06-15T15:07:55Z,0.0966666666666667,Bird,0,0,5,7
2019-06-15T15:49:36Z,0.698055555555556,Bird,0,0,19,33
2019-06-15T16:47:33Z,1.65166666666667,Lime,35,51,0,0
2019-06-15T15:15:21Z,0.06,Bird,0,0,3,3
2019-06-15T17:36:11Z,2.40583333333333,Lime,52,53,0,0
2019-06-16T04:42:56Z,13.5077777777778,Bird,0,0,95,67
2019-06-15T18:09:14Z,2.94138888888889,Bird,0,0,62,53
2019-06-15T15:39:41Z,0.439166666666667,Lime,10,21,0,0
2019-06-15T23:45:38Z,8.52694444444444,Bird,0,0,95,58
2019-06-15T15:32:56Z,0.306111111111111,Lime,9,12,0,0
2019-06-15T15:24:28Z,0.164722222222222,Lime,7,6,0,0
2019-06-15T15:26:46Z,0.198611111111111,Lime,8,8,0,0
2019-06-15T16:58:04Z,1.71861111111111,Lime,35,50,0,0
2019-06-15T15:23:01Z,0.0969444444444444,Bird,0,0,4,2
2019-06-15T16:36:33Z,1.31916666666667,Bird,0,0,29,43
2019-06-15T15:18:28Z,0.0169444444444444,Bird,0,0,1,0
2019-06-15T17:42:26Z,2.41166666666667,Lime,48,49,0,0
2019-06-15T16:34:27Z,1.27722222222222,Bird,0,0,28,42
2019-06-16T14:40:15Z,23.3661111111111,Bird,0,0,139,146
2019-06-15T15:27:55Z,0.154444444444444,Bird,0,0,6,5
2019-06-15T15:23:21Z,0.0730555555555556,Bird,0,0,3,2
2019-06-15T18:36:51Z,3.28972222222222,Lime,68,48,0,0
2019-06-15T15:43:57Z,0.394722222222222,Bird,0,0,11,20
2019-06-15T16:06:14Z,0.746944444444444,Lime,20,29,0,0
2019-06-15T17:04:32Z,1.70527777777778,Bird,0,0,33,47
2019-06-15T19:06:15Z,3.68416666666667,Lime,75,45,0,0
2019-06-15T16:37:53Z,1.20305555555556,Lime,23,39,0,0
2019-06-15T15:29:23Z,0.0597222222222222,Bird,0,0,1,3
2019-06-15T16:05:34Z,0.653055555555556,Lime,15,25,0,0
2019-06-15T15:45:08Z,0.297222222222222,Bird,0,0,5,17
2019-06-15T15:34:50Z,0.122777777777778,Bird,0,0,0,6
2019-06-15T15:44:10Z,0.208888888888889,Bird,0,0,5,11
2019-06-15T15:52:47Z,0.328611111111111,Bird,0,0,12,18
2019-06-15T16:10:54Z,0.628333333333333,Bird,0,0,18,25
2019-06-16T04:10:36Z,12.6216666666667,Bird,0,0,85,53
2019-06-16T13:04:47Z,21.5241666666667,Bird,0,0,118,96
2019-06-15T15:48:03Z,0.245,Bird,0,0,6,15
2019-06-15T16:02:02Z,0.463333333333333,Bird,0,0,14,19
2019-06-15T22:20:53Z,6.7675,Bird,0,0,85,36
2019-06-15T16:09:45Z,0.575833333333333,Bird,0,0,16,20
2019-06-16T12:25:46Z,20.8205555555556,Bird,0,0,108,80
2019-06-15T15:38:37Z,0.0297222222222222,Bird,0,0,0,1
2019-06-15T16:58:34Z,1.34194444444444,Bird,0,0,27,34
2019-06-15T15:46:51Z,0.126944444444444,Bird,0,0,6,6
2019-06-15T19:20:39Z,3.67972222222222,Lime,75,30,0,0
2019-06-15T17:05:12Z,1.42027777777778,Lime,29,30,0,0
2019-06-15T18:44:56Z,3.08194444444444,Lime,64,30,0,0
2019-06-15T16:48:51Z,1.14194444444444,Bird,0,0,24,27
2019-06-16T12:20:23Z,20.6197222222222,Bird,0,0,105,72
2019-06-15T15:49:38Z,0.0508333333333333,Lime,4,5,0,0
2019-06-15T15:49:37Z,0.0469444444444444,Lime,3,5,0,0
2019-06-15T15:48:40Z,0.0219444444444444,Bird,0,0,1,2
2019-06-15T15:54:24Z,0.0927777777777778,Lime,5,2,0,0
2019-06-17T07:07:57Z,39.3158333333333,Bird,0,0,192,168
2019-06-15T17:56:10Z,2.09305555555556,Lime,40,21,0,0
2019-06-15T16:54:42Z,1.04472222222222,Bird,0,0,14,20
2019-06-16T13:08:43Z,21.2611111111111,Bird,0,0,107,79
2019-06-15T18:17:42Z,2.38583333333333,Lime,41,20,0,0
2019-06-15T18:34:21Z,2.66,Lime,48,20,0,0
2019-06-15T16:11:06Z,0.251666666666667,Bird,0,0,5,7
2019-06-15T16:25:09Z,0.469444444444444,Lime,5,11,0,0
2019-06-15T16:07:38Z,0.144166666666667,Bird,0,0,3,3
2019-06-15T18:19:19Z,2.33527777777778,Lime,41,20,0,0
2019-06-16T08:25:35Z,16.4291666666667,Bird,0,0,73,38
2019-06-16T07:43:08Z,15.7072222222222,Bird,0,0,71,34
2019-06-15T17:06:03Z,1.08833333333333,Bird,0,0,17,20
2019-06-15T16:10:44Z,0.131944444444444,Lime,3,5,0,0
2019-06-16T15:16:36Z,23.1783333333333,Bird,0,0,137,128
2019-06-15T16:59:03Z,0.871944444444444,Lime,11,18,0,0
2019-06-15T16:32:18Z,0.425555555555556,Lime,5,11,0,0
2019-06-15T16:31:53Z,0.416388888888889,Lime,4,11,0,0
2019-06-15T17:08:46Z,0.983611111111111,Lime,17,15,0,0
2019-06-15T16:13:18Z,0.0361111111111111,Bird,0,0,0,0
2019-06-15T16:29:28Z,0.299444444444444,Lime,1,4,0,0
2019-06-15T18:05:22Z,1.89611111111111,Lime,34,12,0,0
2019-06-15T16:29:25Z,0.273333333333333,Bird,0,0,1,3
2019-06-15T17:24:52Z,1.145,Bird,0,0,21,10
2019-06-16T13:00:19Z,20.7175,Bird,0,0,94,64
2019-06-16T12:35:36Z,20.3038888888889,Bird,0,0,90,58
2019-06-15T16:18:50Z,0.02,Bird,0,0,0,0
2019-06-15T23:56:14Z,7.6375,Bird,0,0,67,23
2019-06-15T17:00:39Z,0.676944444444444,Lime,10,9,0,0
2019-06-16T05:54:41Z,13.5655555555556,Bird,0,0,67,23
2019-06-15T16:39:15Z,0.308333333333333,Bird,0,0,5,4
2019-06-17T08:07:26Z,39.775,Bird,0,0,183,158
2019-06-15T18:24:13Z,2.04222222222222,Bird,0,0,40,9
2019-06-15T17:17:18Z,0.845,Bird,0,0,18,9
2019-06-15T17:03:03Z,0.603888888888889,Bird,0,0,10,9
2019-06-15T17:16:53Z,0.828055555555556,Bird,0,0,18,9
2019-06-16T04:23:20Z,11.8844444444444,Bird,0,0,65,22
2019-06-15T16:42:13Z,0.129166666666667,Lime,1,3,0,0
2019-06-16T15:47:27Z,23.1972222222222,Bird,0,0,134,126
2019-06-15T17:49:21Z,1.22027777777778,Bird,0,0,26,6
2019-06-15T17:32:29Z,0.886388888888889,Lime,17,4,0,0
2019-06-15T16:51:35Z,0.175555555555556,Lime,2,2,0,0
2019-06-15T23:00:38Z,6.3075,Bird,0,0,62,3
2019-06-15T17:54:45Z,1.18416666666667,Bird,0,0,26,3
2019-06-15T17:01:53Z,0.296666666666667,Bird,0,0,5,3
2019-06-15T17:56:30Z,1.20666666666667,Lime,27,3,0,0
2019-06-15T23:13:45Z,6.48861111111111,Bird,0,0,61,5
2019-06-15T17:15:51Z,0.456944444444444,Lime,11,3,0,0
2019-06-15T17:04:49Z,0.229166666666667,Lime,4,2,0,0
2019-06-16T08:09:08Z,15.2844444444444,Bird,0,0,61,18
2019-06-15T17:09:14Z,0.228333333333333,Lime,8,1,0,0
2019-06-15T18:55:20Z,1.99222222222222,Lime,46,1,0,0
2019-06-15T17:21:46Z,0.329444444444444,Lime,9,0,0,0
2019-06-15T23:16:18Z,6.21666666666667,Bird,0,0,56,3
2019-06-15T17:17:43Z,0.185,Lime,5,0,0,0
2019-06-15T17:13:53Z,0.0847222222222222,Lime,1,0,0,0
2019-06-15T17:30:24Z,0.332777777777778,Lime,4,0,0,0
2019-06-16T10:24:39Z,17.2247222222222,Bird,0,0,56,22
2019-06-15T18:13:14Z,1.03,Bird,0,0,18,0
2019-06-15T18:10:07Z,0.91,Lime,16,0,0,0
2019-06-15T17:52:20Z,0.591111111111111,Bird,0,0,13,0
2019-06-15T18:42:07Z,1.38333333333333,Lime,26,0,0,0
2019-06-15T18:21:37Z,0.964444444444444,Lime,17,0,0,0
2019-06-15T19:26:35Z,2.03583333333333,Lime,41,0,0,0
2019-06-15T19:13:36Z,1.77027777777778,Lime,37,0,0,0
2019-06-15T18:23:46Z,0.845555555555556,Lime,16,0,0,0
2019-06-15T22:06:43Z,4.55916666666667,Bird,0,0,44,0
2019-06-15T19:22:13Z,1.77277777777778,Lime,36,0,0,0
2019-06-15T19:03:34Z,1.38527777777778,Lime,32,0,0,0
2019-06-15T19:15:56Z,1.59138888888889,Lime,34,0,0,0
2019-06-15T17:46:38Z,0.0372222222222222,Lime,1,0,0,0
2019-06-15T17:46:42Z,0.0347222222222222,Lime,2,0,0,0
2019-06-15T18:38:00Z,0.849444444444444,Lime,16,0,0,0
2019-06-15T17:49:24Z,0.0177777777777778,Lime,0,0,0,0
2019-06-15T18:54:16Z,1.07111111111111,Lime,21,0,0,0
2019-06-15T18:29:28Z,0.318611111111111,Lime,6,0,0,0
2019-06-15T18:15:51Z,0.0866666666666667,Lime,0,0,0,0
2019-06-15T18:51:29Z,0.636944444444444,Lime,15,0,0,0
2019-06-15T18:24:48Z,0.06,Lime,2,0,0,0
2019-06-15T18:32:10Z,0.0772222222222222,Lime,1,0,0,0
2019-06-15T18:45:28Z,0.284444444444444,Lime,7,0,0,0
2019-06-18T02:52:49Z,56.3497222222222,Bird,0,0,397,279
2019-06-15T18:54:56Z,0.266666666666667,Lime,7,0,0,0
2019-06-15T19:09:14Z,0.5025,Lime,12,0,0,0
2019-06-15T19:38:54Z,0.966388888888889,Lime,16,0,0,0
2019-06-16T20:03:37Z,25.3511111111111,Lime,133,135,0,0
2019-06-15T19:24:01Z,0.674722222222222,Lime,13,0,0,0
2019-06-15T19:45:16Z,1.01694444444444,Lime,15,0,0,0
2019-06-16T11:50:39Z,17.0427777777778,Lime,39,37,0,0
2019-06-15T19:02:14Z,0.22,Lime,6,0,0,0
2019-06-15T19:17:16Z,0.426388888888889,Lime,7,0,0,0
2019-06-15T19:02:29Z,0.0697222222222222,Lime,1,0,0,0
2019-06-15T19:10:24Z,0.14,Lime,3,0,0,0
2019-06-15T19:04:27Z,0.0405555555555556,Lime,1,0,0,0
2019-06-15T19:07:28Z,0.0869444444444444,Lime,1,0,0,0
2019-06-15T19:08:20Z,0.0563888888888889,Lime,1,0,0,0
2019-06-15T19:24:37Z,0.263888888888889,Lime,3,0,0,0
2019-06-15T19:48:56Z,0.461944444444444,Lime,4,0,0,0
2019-06-16T07:30:57Z,12.1072222222222,Lime,6,14,0,0
2019-06-15T19:35:54Z,0.0741666666666667,Lime,0,0,0,0
2019-06-15T19:52:12Z,0.287222222222222,Lime,2,0,0,0
2019-06-15T19:55:08Z,0.296388888888889,Lime,3,0,0,0
2019-06-15T19:43:48Z,0.0802777777777778,Lime,0,0,0,0
2019-06-15T20:09:43Z,0.137777777777778,Lime,0,0,0,0
2019-06-15T20:17:38Z,0.109444444444444,Lime,0,0,0,0
2019-06-15T20:36:05Z,0.1025,Lime,0,0,0,0
2019-06-15T20:51:38Z,0.361388888888889,Lime,0,0,0,0
2019-06-15T20:38:47Z,0.146388888888889,Lime,0,0,0,0
2019-06-18T02:52:42Z,52.9297222222222,Bird,0,0,372,279
2019-06-16T04:09:09Z,4.86444444444444,Bird,0,0,0,10
2019-06-15T23:40:47Z,0.283888888888889,Bird,0,0,0,2
2019-06-15T23:30:39Z,0.113055555555556,Bird,0,0,0,1
2019-06-16T08:43:38Z,9.00638888888889,Bird,0,0,5,12
2019-06-16T12:22:13Z,12.5222222222222,Bird,0,0,23,34
2019-06-16T04:35:39Z,4.66,Bird,0,0,0,1
2019-06-16T04:12:44Z,4.2025,Bird,0,0,0,0
2019-06-17T13:47:24Z,37.7672222222222,Bird,0,0,223,195
2019-06-17T04:57:48Z,28.9363888888889,Bird,0,0,113,124
2019-06-16T11:40:42Z,11.5413888888889,Bird,0,0,16,20
2019-06-16T11:44:05Z,11.5963888888889,Bird,0,0,19,20
2019-06-16T11:37:23Z,11.4452777777778,Bird,0,0,16,20
2019-06-18T06:10:27Z,52.5555555555556,Bird,0,0,372,265
2019-06-16T13:25:52Z,8.91416666666667,Bird,0,0,34,51
2019-06-16T13:26:03Z,8.91722222222222,Bird,0,0,34,53
2019-06-16T13:25:55Z,8.91472222222222,Bird,0,0,34,52
2019-06-16T14:16:50Z,8.81305555555556,Bird,0,0,43,75
2019-06-16T15:02:59Z,9.58222222222222,Bird,0,0,59,89
2019-06-16T14:59:47Z,9.52861111111111,Bird,0,0,56,88
2019-06-16T10:38:43Z,5.11555555555556,Bird,0,0,6,11
2019-06-17T11:35:17Z,30.0580555555556,Bird,0,0,166,168
2019-06-16T11:05:10Z,5.55611111111111,Bird,0,0,12,17
2019-06-17T08:42:20Z,27.1325,Bird,0,0,122,144
2019-06-17T08:43:26Z,27.1505555555556,Bird,0,0,122,145
2019-06-16T14:50:46Z,9.27277777777778,Bird,0,0,54,87
2019-06-16T05:43:39Z,0.0691666666666667,Bird,0,0,0,0
2019-06-16T13:45:46Z,8.10444444444444,Bird,0,0,38,59
2019-06-17T21:02:08Z,39.1738888888889,Bird,0,0,372,265
2019-06-16T11:15:14Z,5.39222222222222,Bird,0,0,15,18
2019-06-16T15:42:30Z,9.84638888888889,Bird,0,0,71,103
2019-06-16T11:01:42Z,5.16638888888889,Bird,0,0,12,16
2019-06-17T16:05:02Z,34.2216666666667,Bird,0,0,277,240
2019-06-17T21:02:20Z,39.1766666666667,Bird,0,0,372,265
2019-06-16T12:14:17Z,6.3225,Bird,0,0,23,28
2019-06-16T12:14:07Z,6.31972222222222,Bird,0,0,23,27
2019-06-16T13:42:37Z,7.79444444444444,Bird,0,0,36,57
2019-06-21T06:00:55Z,120,Bird,0,0,372,265
2019-06-16T14:13:05Z,7.95194444444444,Bird,0,0,43,72
2019-06-16T14:14:45Z,7.97972222222222,Bird,0,0,43,73
2019-06-16T15:09:40Z,8.89472222222222,Bird,0,0,63,93
2019-06-17T15:06:31Z,32.6830555555556,Bird,0,0,261,217
2019-06-17T15:18:56Z,32.8897222222222,Bird,0,0,265,226
2019-06-17T15:08:13Z,32.7111111111111,Bird,0,0,261,218
2019-06-17T15:08:21Z,32.7133333333333,Bird,0,0,261,219
2019-06-17T22:49:37Z,40.3255555555556,Bird,0,0,372,265
2019-06-17T22:49:48Z,40.3283333333333,Bird,0,0,372,265
2019-06-16T13:50:58Z,7.29722222222222,Bird,0,0,38,61
2019-06-16T13:50:58Z,7.29722222222222,Bird,0,0,38,61
2019-06-16T13:08:25Z,6.34388888888889,Bird,0,0,34,44
2019-06-16T13:54:57Z,7.11944444444444,Bird,0,0,38,64
2019-06-16T08:04:07Z,1.27194444444444,Bird,0,0,1,1
2019-06-16T11:24:52Z,4.61777777777778,Bird,0,0,15,19
2019-06-16T13:55:02Z,7.12027777777778,Bird,0,0,38,65
2019-06-16T10:51:42Z,3.08444444444444,Bird,0,0,10,11
2019-06-16T08:29:53Z,0.517222222222222,Lime,1,4,0,0
2019-06-16T08:17:42Z,0.104722222222222,Bird,0,0,0,0
2019-06-16T14:38:44Z,6.35305555555556,Lime,44,79,0,0
2019-06-16T14:35:28Z,6.22055555555556,Bird,0,0,43,77
2019-06-17T08:09:02Z,23.6630555555556,Bird,0,0,114,130
2019-06-16T15:38:12Z,7.075,Lime,66,98,0,0
2019-06-16T16:21:39Z,7.63388888888889,Lime,72,110,0,0
2019-06-16T10:34:47Z,1.55305555555556,Bird,0,0,1,4
2019-06-16T10:21:19Z,1.14305555555556,Bird,0,0,0,1
2019-06-16T11:45:56Z,1.86,Bird,0,0,14,15
2019-06-16T17:44:42Z,7.34305555555556,Bird,0,0,96,113
2019-06-16T11:48:36Z,1.3225,Lime,14,14,0,0
2019-06-16T10:35:48Z,0.0230555555555556,Bird,0,0,0,1
2019-06-16T15:37:59Z,4.90111111111111,Bird,0,0,62,90
2019-06-16T11:07:07Z,0.276666666666667,Lime,2,6,0,0
2019-06-16T10:56:29Z,0.0966666666666667,Bird,0,0,1,2
2019-06-16T11:46:16Z,0.909722222222222,Lime,9,11,0,0
2019-06-16T10:56:04Z,0.0175,Bird,0,0,1,0
2019-06-16T14:22:26Z,3.40777777777778,Lime,31,61,0,0
2019-06-16T12:35:39Z,1.58916666666667,Bird,0,0,11,19
2019-06-16T12:12:05Z,1.13555555555556,Bird,0,0,10,9
2019-06-16T15:04:49Z,3.98277777777778,Bird,0,0,48,73
2019-06-16T15:09:32Z,4.00472222222222,Lime,47,74,0,0
2019-06-16T13:56:40Z,2.78583333333333,Bird,0,0,24,50
2019-06-16T13:05:22Z,1.92583333333333,Lime,18,26,0,0
2019-06-16T14:24:15Z,3.23777777777778,Lime,29,59,0,0
2019-06-16T12:05:32Z,0.883333333333333,Bird,0,0,7,7
2019-06-16T13:03:03Z,1.79027777777778,Lime,15,22,0,0
2019-06-16T12:13:04Z,0.934166666666667,Lime,7,8,0,0
2019-06-17T23:15:14Z,35.9169444444444,Bird,0,0,357,246
2019-06-16T15:59:00Z,4.4825,Lime,58,90,0,0
2019-06-17T15:21:17Z,27.8330555555556,Bird,0,0,250,208
2019-06-16T13:10:26Z,1.65222222222222,Bird,0,0,19,27
2019-06-16T13:09:34Z,1.63777777777778,Bird,0,0,19,26
2019-06-17T06:45:28Z,19.1555555555556,Bird,0,0,98,107
2019-06-17T08:22:36Z,20.7744444444444,Bird,0,0,104,121
2019-06-17T05:43:53Z,18.1288888888889,Bird,0,0,97,104
2019-06-16T13:55:51Z,2.32833333333333,Bird,0,0,23,46
2019-06-17T07:01:18Z,19.4188888888889,Bird,0,0,98,108
2019-06-16T13:02:01Z,1.38861111111111,Lime,12,21,0,0
2019-06-16T11:56:45Z,0.262222222222222,Bird,0,0,5,4
2019-06-16T17:17:10Z,5.53694444444444,Lime,76,100,0,0
2019-06-18T07:09:19Z,43.3652777777778,Bird,0,0,352,242
2019-06-16T11:56:30Z,0.148611111111111,Bird,0,0,2,0
2019-06-16T13:03:35Z,1.22722222222222,Lime,10,18,0,0
2019-06-16T13:04:22Z,1.23305555555556,Lime,11,19,0,0
2019-06-16T17:39:51Z,5.7625,Lime,76,98,0,0
2019-06-16T13:39:52Z,1.7575,Bird,0,0,13,33
2019-06-16T16:36:20Z,4.67666666666667,Lime,59,97,0,0
2019-06-16T13:56:37Z,1.98138888888889,Bird,0,0,17,42
2019-06-16T13:48:00Z,1.65555555555556,Bird,0,0,16,34
2019-06-16T14:14:51Z,1.96444444444444,Bird,0,0,20,45
2019-06-18T04:13:29Z,39.8552777777778,Bird,0,0,349,235
2019-06-16T15:32:23Z,3.17,Bird,0,0,46,71
2019-06-16T14:06:29Z,1.7075,Bird,0,0,17,39
2019-06-16T14:41:27Z,2.20666666666667,Bird,0,0,26,51
2019-06-16T12:42:03Z,0.123611111111111,Bird,0,0,1,2
2019-06-16T15:12:05Z,2.60638888888889,Lime,41,58,0,0
2019-06-16T14:50:16Z,2.1975,Bird,0,0,31,51
2019-06-16T13:44:42Z,1.09305555555556,Bird,0,0,14,22
2019-06-16T12:48:39Z,0.0677777777777778,Bird,0,0,0,0
2019-06-16T17:13:09Z,4.47527777777778,Lime,67,84,0,0
2019-06-17T04:19:45Z,15.5288888888889,Bird,0,0,89,87
2019-06-16T13:03:58Z,0.0247222222222222,Bird,0,0,3,0
2019-06-16T15:16:29Z,2.2075,Bird,0,0,35,52
2019-06-16T15:55:44Z,2.86027777777778,Lime,40,66,0,0
2019-06-16T14:42:19Z,1.62166666666667,Lime,16,41,0,0
2019-06-16T15:08:02Z,2.00444444444444,Lime,26,48,0,0
2019-06-17T13:20:16Z,24.2072222222222,Bird,0,0,179,148
2019-06-16T15:08:10Z,2.00444444444444,Lime,27,48,0,0
2019-06-16T15:00:19Z,1.79555555555556,Lime,22,41,0,0
2019-06-16T13:17:09Z,0.0608333333333333,Bird,0,0,0,1
2019-06-16T13:15:32Z,0.0283333333333333,Bird,0,0,0,0
2019-06-16T14:54:15Z,1.67222222222222,Lime,21,40,0,0
2019-06-16T17:27:40Z,4.22111111111111,Bird,0,0,64,73
2019-06-16T13:26:12Z,0.17,Bird,0,0,0,5
2019-06-16T13:26:25Z,0.168333333333333,Bird,0,0,0,6
2019-06-16T13:43:16Z,0.445833333333333,Lime,2,9,0,0
2019-06-16T15:14:54Z,1.87083333333333,Bird,0,0,31,43
2019-06-17T04:05:43Z,14.6697222222222,Bird,0,0,79,72
2019-06-17T06:09:07Z,16.7016666666667,Bird,0,0,79,70
2019-06-16T14:33:57Z,1.11361111111111,Bird,0,0,11,24
2019-06-17T04:05:55Z,14.6352777777778,Bird,0,0,79,68
2019-06-18T20:28:45Z,54.9733333333333,Bird,0,0,338,209
2019-06-17T10:21:52Z,20.8541666666667,Bird,0,0,105,99
2019-06-16T15:47:18Z,2.27361111111111,Bird,0,0,37,49
2019-06-16T14:00:41Z,0.409444444444444,Bird,0,0,4,13
2019-06-16T15:27:53Z,1.86055555555556,Bird,0,0,34,42
2019-06-16T13:45:25Z,0.065,Lime,1,2,0,0
2019-06-16T14:47:29Z,1.08194444444444,Lime,17,30,0,0
2019-06-16T15:45:09Z,1.97638888888889,Bird,0,0,33,44
2019-06-16T15:29:20Z,1.68972222222222,Bird,0,0,31,40
2019-06-16T16:31:29Z,2.68194444444444,Bird,0,0,43,56
2019-06-16T14:07:03Z,0.266388888888889,Lime,2,8,0,0
2019-06-16T15:39:56Z,1.77388888888889,Lime,32,40,0,0
2019-06-16T15:54:32Z,1.94916666666667,Bird,0,0,33,38
2019-06-16T14:23:37Z,0.418333333333333,Bird,0,0,5,7
2019-06-16T14:31:51Z,0.516944444444444,Bird,0,0,5,9
2019-06-18T05:39:47Z,39.5433333333333,Bird,0,0,330,194
2019-06-17T17:00:03Z,26.8808333333333,Bird,0,0,255,193
2019-06-16T19:32:33Z,5.39416666666667,Lime,71,49,0,0
2019-06-16T17:16:37Z,3.04194444444444,Lime,51,48,0,0
2019-06-16T15:09:34Z,0.868333333333333,Bird,0,0,20,16
2019-06-16T23:07:02Z,8.82138888888889,Bird,0,0,70,45
2019-06-16T14:54:21Z,0.606666666666667,Bird,0,0,13,12
2019-06-18T05:44:02Z,39.4044444444444,Bird,0,0,329,189
2019-06-17T09:34:22Z,19.2102777777778,Bird,0,0,88,74
2019-06-18T05:53:03Z,39.4694444444444,Bird,0,0,327,188
2019-06-18T05:55:15Z,39.4941666666667,Bird,0,0,327,186
2019-06-16T17:23:51Z,2.96944444444444,Lime,52,42,0,0
2019-06-17T08:11:05Z,17.7272222222222,Bird,0,0,71,58
2019-06-16T14:44:06Z,0.239722222222222,Lime,5,8,0,0
2019-06-16T14:39:35Z,0.153611111111111,Bird,0,0,2,3
2019-06-17T11:55:28Z,21.3669444444444,Bird,0,0,132,91
2019-06-16T16:08:25Z,1.54333333333333,Bird,0,0,31,31
2019-06-16T14:44:06Z,0.112222222222222,Lime,5,5,0,0
2019-06-16T15:11:22Z,0.556388888888889,Lime,17,12,0,0
2019-06-16T16:48:33Z,2.09916666666667,Bird,0,0,35,36
2019-06-17T10:01:14Z,19.2925,Bird,0,0,87,67
2019-06-16T14:59:00Z,0.251666666666667,Bird,0,0,6,1
2019-06-16T17:06:06Z,2.3575,Bird,0,0,38,34
2019-06-16T16:03:21Z,1.30722222222222,Lime,22,25,0,0
2019-06-16T19:15:05Z,4.5,Lime,59,34,0,0
2019-06-16T18:51:59Z,4.0675,Bird,0,0,56,34
2019-06-16T15:56:30Z,1.10194444444444,Bird,0,0,19,22
2019-06-16T18:29:44Z,3.64388888888889,Lime,53,33,0,0
2019-06-16T16:00:54Z,1.14694444444444,Bird,0,0,21,22
2019-06-16T21:43:46Z,6.84833333333333,Bird,0,0,58,33
2019-06-16T17:32:14Z,2.60583333333333,Lime,42,33,0,0
2019-06-16T16:37:42Z,1.63916666666667,Lime,25,32,0,0
2019-06-16T15:03:10Z,0.0419444444444444,Bird,0,0,2,1
2019-06-16T16:12:57Z,1.17027777777778,Lime,17,24,0,0
2019-06-16T16:25:26Z,1.33361111111111,Lime,20,23,0,0
2019-06-16T17:41:17Z,2.53944444444444,Lime,36,29,0,0
2019-06-16T15:19:23Z,0.149166666666667,Bird,0,0,5,2
2019-06-16T17:15:32Z,2.02583333333333,Lime,27,27,0,0
2019-06-16T17:16:15Z,2.0375,Lime,28,27,0,0
2019-06-16T16:57:01Z,1.63583333333333,Lime,19,25,0,0
2019-06-16T16:51:24Z,1.48083333333333,Lime,16,24,0,0
2019-06-16T16:58:55Z,1.60361111111111,Lime,19,24,0,0
2019-06-16T15:50:27Z,0.456944444444444,Lime,2,10,0,0
2019-06-16T16:59:48Z,1.53027777777778,Lime,20,22,0,0
2019-06-16T19:43:24Z,4.19722222222222,Lime,44,20,0,0
2019-06-16T16:03:14Z,0.503055555555556,Bird,0,0,6,9
2019-06-16T16:03:09Z,0.498888888888889,Bird,0,0,6,8
2019-06-16T15:56:09Z,0.374722222222222,Bird,0,0,4,6
2019-06-17T23:20:32Z,31.7780555555556,Bird,0,0,303,163
2019-06-16T19:07:28Z,3.49861111111111,Lime,42,19,0,0
2019-06-16T19:51:26Z,4.17638888888889,Bird,0,0,42,18
2019-06-17T23:16:03Z,31.5763888888889,Bird,0,0,301,162
2019-06-16T17:27:30Z,1.75666666666667,Lime,26,18,0,0
2019-06-17T10:28:54Z,18.7644444444444,Bird,0,0,71,52
2019-06-16T19:13:57Z,3.49083333333333,Lime,41,17,0,0
2019-06-16T16:21:41Z,0.619166666666667,Lime,7,11,0,0
2019-06-16T19:25:33Z,3.6825,Lime,41,17,0,0
2019-06-16T16:16:26Z,0.525,Bird,0,0,6,9
2019-06-16T16:17:12Z,0.451666666666667,Bird,0,0,6,7
2019-06-16T16:32:28Z,0.703055555555556,Bird,0,0,10,11
2019-06-16T16:07:29Z,0.26,Bird,0,0,4,5
2019-06-16T16:40:31Z,0.767222222222222,Lime,10,13,0,0
2019-06-16T19:23:51Z,3.46388888888889,Lime,39,13,0,0
2019-06-16T17:08:30Z,1.17166666666667,Lime,18,11,0,0
2019-06-17T14:51:07Z,22.8777777777778,Bird,0,0,178,100
2019-06-16T16:25:34Z,0.416111111111111,Bird,0,0,6,5
2019-06-16T19:05:24Z,3.06138888888889,Lime,35,11,0,0
2019-06-16T16:18:53Z,0.243611111111111,Bird,0,0,1,3
2019-06-17T04:12:05Z,12.1225,Bird,0,0,37,12
2019-06-18T07:53:12Z,39.7566666666667,Bird,0,0,296,152
2019-06-16T16:29:13Z,0.316944444444444,Bird,0,0,5,3
2019-06-16T17:14:22Z,1.06861111111111,Bird,0,0,16,8
2019-06-16T17:15:05Z,1.02833333333333,Bird,0,0,15,8
2019-06-16T18:08:07Z,1.8525,Bird,0,0,27,7
2019-06-16T16:51:48Z,0.58,Lime,9,7,0,0
2019-06-16T16:51:31Z,0.573611111111111,Lime,8,7,0,0
2019-06-16T16:32:29Z,0.200277777777778,Bird,0,0,4,4
2019-06-16T16:26:42Z,0.0577777777777778,Bird,0,0,2,0
2019-06-16T17:02:14Z,0.616111111111111,Lime,10,6,0,0
2019-06-16T17:20:32Z,0.830555555555556,Lime,14,4,0,0
2019-06-16T19:11:19Z,2.65472222222222,Lime,31,3,0,0
2019-06-16T17:06:55Z,0.556388888888889,Lime,10,1,0,0
2019-06-16T17:21:38Z,0.776666666666667,Lime,15,1,0,0
2019-06-16T18:00:35Z,1.42527777777778,Bird,0,0,22,1
2019-06-16T17:45:16Z,1.1325,Bird,0,0,20,1
2019-06-16T16:46:02Z,0.111944444444444,Bird,0,0,3,0
2019-06-17T05:09:43Z,12.3463888888889,Bird,0,0,28,3
2019-06-16T17:36:58Z,0.797222222222222,Bird,0,0,13,0
2019-06-17T14:45:20Z,21.8719444444444,Bird,0,0,161,87
2019-06-17T09:51:32Z,16.97,Bird,0,0,47,31
2019-06-16T17:27:32Z,0.549722222222222,Lime,10,0,0,0
2019-06-16T18:51:17Z,1.79305555555556,Lime,18,0,0,0
2019-06-16T19:14:43Z,2.06944444444444,Lime,21,0,0,0
2019-06-16T19:22:52Z,2.20194444444444,Lime,21,0,0,0
2019-06-16T17:42:05Z,0.4525,Lime,8,0,0,0
2019-06-16T17:52:26Z,0.6175,Lime,10,0,0,0
2019-06-16T17:41:39Z,0.403055555555556,Lime,4,0,0,0
2019-06-17T04:32:06Z,11.1938888888889,Bird,0,0,18,3
2019-06-16T18:10:49Z,0.834722222222222,Lime,8,0,0,0
2019-06-16T18:19:10Z,0.949444444444444,Lime,7,0,0,0
2019-06-16T19:26:26Z,2.05027777777778,Lime,16,0,0,0
2019-06-16T20:09:20Z,2.74888888888889,Lime,16,0,0,0
2019-06-16T17:46:32Z,0.34,Lime,4,0,0,0
2019-06-16T17:51:01Z,0.363055555555556,Lime,3,0,0,0
2019-06-16T17:56:00Z,0.443055555555556,Lime,4,0,0,0
2019-06-16T18:01:55Z,0.540555555555556,Lime,5,0,0,0
2019-06-16T19:21:04Z,1.6,Lime,11,0,0,0
2019-06-16T19:17:06Z,1.52777777777778,Lime,11,0,0,0
2019-06-16T19:20:41Z,1.39694444444444,Lime,9,0,0,0
2019-06-16T19:38:04Z,1.6775,Lime,10,0,0,0
2019-06-16T18:26:34Z,0.280833333333333,Lime,2,0,0,0
2019-06-16T19:09:36Z,0.953888888888889,Lime,7,0,0,0
2019-06-16T18:35:58Z,0.280277777777778,Lime,4,0,0,0
2019-06-16T20:02:34Z,1.44916666666667,Lime,5,0,0,0
2019-06-16T20:28:22Z,1.80833333333333,Lime,4,0,0,0
2019-06-16T19:05:57Z,0.318055555555556,Lime,1,0,0,0
2019-06-16T19:10:32Z,0.0175,Lime,0,0,0,0
2019-06-18T07:29:51Z,36.2838888888889,Lime,260,144,0,0
2019-06-16T19:17:10Z,0.0308333333333333,Lime,0,0,0,0
2019-06-16T21:39:11Z,0.135833333333333,Lime,0,0,0,0
2019-06-16T23:13:51Z,0.0422222222222222,Bird,0,0,0,0
2019-06-17T04:27:47Z,5.20972222222222,Bird,0,0,0,1
2019-06-17T13:09:12Z,9.15111111111111,Bird,0,0,97,67
2019-06-17T23:55:16Z,19.9186111111111,Bird,0,0,259,142
2019-06-17T10:54:08Z,6.89944444444444,Bird,0,0,40,39
2019-06-17T09:19:02Z,5.27861111111111,Bird,0,0,15,26
2019-06-17T13:51:26Z,9.81861111111111,Bird,0,0,113,75
2019-06-17T08:43:39Z,4.65666666666667,Bird,0,0,9,23
2019-06-17T05:58:30Z,1.81638888888889,Bird,0,0,0,1
2019-06-17T08:10:36Z,3.92388888888889,Bird,0,0,3,12
2019-06-18T08:07:24Z,27.8702777777778,Bird,0,0,259,141
2019-06-18T20:11:35Z,39.94,Bird,0,0,259,141
2019-06-17T11:43:25Z,7.20611111111111,Bird,0,0,58,45
2019-06-17T07:42:33Z,3.19138888888889,Bird,0,0,2,8
2019-06-17T10:50:52Z,6.33,Bird,0,0,35,37
2019-06-18T09:18:52Z,28.6488888888889,Bird,0,0,259,141
2019-06-17T08:04:47Z,3.41416666666667,Bird,0,0,3,10
2019-06-18T08:50:18Z,28.1725,Bird,0,0,259,141
2019-06-17T07:54:25Z,3.24111111111111,Bird,0,0,3,9
2019-06-17T15:03:38Z,9.33638888888889,Bird,0,0,147,91
2019-06-22T05:43:27Z,120,Bird,0,0,259,141
2019-06-17T14:59:06Z,9.26055555555556,Bird,0,0,144,88
2019-06-17T13:34:16Z,7.84666666666667,Bird,0,0,105,69
2019-06-22T05:43:29Z,120,Bird,0,0,259,141
2019-06-17T08:20:45Z,2.57972222222222,Bird,0,0,5,14
2019-06-17T23:38:28Z,17.8747222222222,Bird,0,0,259,140
2019-06-17T12:35:05Z,6.81833333333333,Bird,0,0,84,55
2019-06-17T06:39:02Z,0.849166666666667,Bird,0,0,1,1
2019-06-18T16:58:33Z,35.0213888888889,Bird,0,0,259,140
2019-06-18T07:19:27Z,25.2119444444444,Bird,0,0,259,139
2019-06-18T16:25:37Z,34.0825,Bird,0,0,259,139
2019-06-17T09:16:05Z,2.64944444444444,Lime,12,23,0,0
2019-06-17T13:05:39Z,6.4125,Bird,0,0,96,60
2019-06-17T07:06:17Z,0.354444444444444,Bird,0,0,0,4
2019-06-17T07:01:55Z,0.281666666666667,Bird,0,0,0,2
2019-06-17T07:04:46Z,0.328888888888889,Bird,0,0,0,3
2019-06-17T08:34:34Z,1.82555555555556,Bird,0,0,7,16
2019-06-17T08:54:55Z,2.09333333333333,Bird,0,0,8,19
2019-06-17T12:26:36Z,5.38777777777778,Bird,0,0,79,47
2019-06-18T10:47:23Z,27.7111111111111,Bird,0,0,258,135
2019-06-17T11:50:16Z,4.73833333333333,Bird,0,0,62,39
2019-06-17T08:12:46Z,1.06,Bird,0,0,2,6
2019-06-17T13:40:05Z,6.12277777777778,Lime,105,63,0,0
2019-06-17T08:30:37Z,0.679444444444444,Bird,0,0,5,9
2019-06-17T09:05:29Z,1.19888888888889,Lime,6,15,0,0
2019-06-17T09:14:50Z,1.23277777777778,Bird,0,0,10,14
2019-06-17T10:29:17Z,2.33777777777778,Bird,0,0,26,22
2019-06-17T12:39:52Z,4.45305555555556,Bird,0,0,83,44
2019-06-17T08:20:59Z,0.0855555555555556,Bird,0,0,2,1
2019-06-17T12:29:08Z,4.18472222222222,Bird,0,0,79,39
2019-06-17T11:47:42Z,3.45194444444444,Lime,57,31,0,0
2019-06-17T09:37:39Z,1.26111111111111,Lime,11,10,0,0
2019-06-17T12:03:04Z,3.66666666666667,Bird,0,0,60,31
2019-06-17T16:24:30Z,7.98361111111111,Lime,168,107,0,0
2019-06-17T09:40:18Z,1.24361111111111,Bird,0,0,12,9
2019-06-17T11:01:27Z,2.59166666666667,Bird,0,0,33,21
2019-06-17T10:08:32Z,1.69888888888889,Lime,17,13,0,0
2019-06-17T11:32:59Z,3.01194444444444,Bird,0,0,44,24
2019-06-17T09:20:30Z,0.786111111111111,Lime,8,7,0,0
2019-06-17T14:59:02Z,6.37111111111111,Bird,0,0,135,67
2019-06-19T11:14:33Z,50.6016666666667,Bird,0,0,250,121
2019-06-17T10:40:22Z,2.01861111111111,Lime,23,15,0,0
2019-06-17T14:14:22Z,5.51805555555556,Bird,0,0,117,58
2019-06-17T13:25:40Z,4.69444444444444,Bird,0,0,93,46
2019-06-17T13:34:39Z,4.77805555555556,Bird,0,0,96,46
2019-06-18T15:34:56Z,30.5194444444444,Bird,0,0,250,117
2019-06-17T09:07:38Z,0.0197222222222222,Lime,0,0,0,0
2019-06-17T10:26:45Z,1.30444444444444,Lime,14,8,0,0
2019-06-17T11:16:35Z,1.96805555555556,Bird,0,0,29,16
2019-06-17T11:30:34Z,2.15722222222222,Lime,33,17,0,0
2019-06-17T11:19:22Z,1.91722222222222,Lime,25,16,0,0
2019-06-17T11:28:26Z,2.025,Lime,32,16,0,0
2019-06-17T09:59:54Z,0.487222222222222,Bird,0,0,6,3
2019-06-17T09:59:49Z,0.485555555555556,Lime,5,3,0,0
2019-06-17T11:24:32Z,1.86527777777778,Lime,29,16,0,0
2019-06-17T10:51:30Z,1.27833333333333,Lime,17,11,0,0
2019-06-17T15:08:49Z,5.47277777777778,Bird,0,0,129,68
2019-06-17T15:54:09Z,6.16638888888889,Lime,141,88,0,0
2019-06-17T10:44:42Z,0.997222222222222,Bird,0,0,13,7
2019-06-17T11:23:24Z,1.55916666666667,Lime,25,14,0,0
2019-06-17T10:53:28Z,1.00916666666667,Lime,17,9,0,0
2019-06-17T10:49:51Z,0.9125,Lime,12,7,0,0
2019-06-17T12:46:44Z,2.85333333333333,Bird,0,0,65,30
2019-06-17T10:33:27Z,0.487777777777778,Lime,5,4,0,0
2019-06-17T10:33:11Z,0.482222222222222,Bird,0,0,5,3
2019-06-17T11:55:41Z,1.775,Bird,0,0,39,17
2019-06-17T10:47:09Z,0.450833333333333,Lime,8,5,0,0
2019-06-17T14:13:39Z,3.83388888888889,Bird,0,0,100,46
2019-06-17T14:06:02Z,3.58833333333333,Lime,92,43,0,0
2019-06-17T12:58:47Z,2.45805555555556,Lime,62,28,0,0
2019-06-17T23:04:35Z,12.53,Bird,0,0,230,107
2019-06-17T11:06:48Z,0.563888888888889,Lime,12,6,0,0
2019-06-17T11:11:51Z,0.639722222222222,Bird,0,0,12,5
2019-06-17T12:33:05Z,1.945,Lime,51,20,0,0
2019-06-17T12:58:06Z,2.30194444444444,Bird,0,0,59,26
2019-06-17T11:25:54Z,0.763611111111111,Lime,16,7,0,0
2019-06-17T17:19:22Z,6.62972222222222,Lime,159,106,0,0
2019-06-17T12:13:06Z,1.5075,Lime,39,17,0,0
2019-06-17T12:12:59Z,1.49861111111111,Lime,38,17,0,0
2019-06-17T11:27:19Z,0.708055555555556,Lime,16,6,0,0
2019-06-17T10:50:20Z,0.0494444444444444,Bird,0,0,1,0
2019-06-17T13:35:10Z,2.73416666666667,Bird,0,0,70,32
2019-06-17T18:11:35Z,7.28194444444444,Lime,170,102,0,0
2019-06-17T14:15:00Z,3.32027777777778,Bird,0,0,86,41
2019-06-17T12:09:06Z,1.20638888888889,Lime,30,12,0,0
2019-06-17T15:52:15Z,4.90916666666667,Lime,118,77,0,0
2019-06-17T19:00:40Z,7.92444444444444,Lime,196,101,0,0
2019-06-17T18:43:08Z,7.62555555555556,Lime,187,101,0,0
2019-06-17T12:28:11Z,1.31805555555556,Lime,40,14,0,0
2019-06-17T15:33:08Z,4.33888888888889,Bird,0,0,111,66
2019-06-17T15:11:20Z,3.96805555555556,Lime,106,58,0,0
2019-06-17T12:34:52Z,1.315,Bird,0,0,41,14
2019-06-17T11:30:29Z,0.200555555555556,Bird,0,0,8,0
2019-06-17T11:35:29Z,0.135,Lime,3,3,0,0
2019-06-17T15:03:03Z,3.55888888888889,Lime,95,49,0,0
2019-06-17T11:46:03Z,0.270833333333333,Lime,7,4,0,0
2019-06-17T12:18:25Z,0.8075,Bird,0,0,28,10
2019-06-17T18:44:32Z,7.24027777777778,Lime,179,99,0,0
2019-06-17T14:27:26Z,2.93666666666667,Lime,76,40,0,0
2019-06-17T14:04:59Z,2.5475,Lime,68,34,0,0
2019-06-17T11:39:10Z,0.103611111111111,Lime,3,2,0,0
2019-06-19T11:14:33Z,47.6675,Bird,0,0,206,97
2019-06-17T11:46:24Z,0.156388888888889,Lime,5,1,0,0
2019-06-17T12:07:12Z,0.502222222222222,Lime,15,5,0,0
2019-06-17T11:47:16Z,0.164722222222222,Lime,6,1,0,0
2019-06-17T17:21:18Z,5.64194444444444,Lime,137,96,0,0
2019-06-17T12:06:04Z,0.3575,Lime,10,4,0,0
2019-06-17T14:50:10Z,3.08388888888889,Bird,0,0,80,39
2019-06-17T15:52:26Z,4.09444444444444,Lime,98,70,0,0
2019-06-17T12:11:35Z,0.4125,Bird,0,0,10,5
2019-06-17T15:19:36Z,3.51444444444444,Bird,0,0,89,57
2019-06-17T12:15:58Z,0.415277777777778,Lime,10,5,0,0
2019-06-17T12:15:58Z,0.396111111111111,Lime,10,5,0,0
2019-06-17T12:16:09Z,0.398333333333333,Lime,12,5,0,0
2019-06-17T12:16:40Z,0.401666666666667,Lime,13,5,0,0
2019-06-17T12:27:25Z,0.521944444444444,Lime,17,5,0,0
2019-06-17T15:43:43Z,3.75666666666667,Lime,92,64,0,0
2019-06-17T12:02:42Z,0.0552777777777778,Lime,1,0,0,0
2019-06-17T12:56:20Z,0.945555555555556,Lime,25,12,0,0
2019-06-17T13:58:54Z,1.92555555555556,Bird,0,0,50,26
2019-06-17T12:09:01Z,0.0480555555555556,Bird,0,0,1,0
2019-06-17T13:49:48Z,1.70166666666667,Lime,41,24,0,0
2019-06-17T13:50:19Z,1.70388888888889,Lime,42,24,0,0
2019-06-17T12:27:17Z,0.308611111111111,Lime,10,4,0,0
2019-06-17T21:30:36Z,9.33,Lime,188,90,0,0
2019-06-17T12:52:09Z,0.6575,Lime,18,8,0,0
2019-06-17T13:06:35Z,0.882222222222222,Bird,0,0,24,12
2019-06-17T14:53:16Z,2.65416666666667,Lime,66,35,0,0
2019-06-17T13:01:56Z,0.713055555555556,Lime,14,9,0,0
2019-06-17T15:12:35Z,2.88861111111111,Bird,0,0,72,47
2019-06-17T14:59:28Z,2.66638888888889,Lime,65,36,0,0
2019-06-17T15:17:27Z,2.93138888888889,Lime,71,49,0,0
2019-06-17T14:56:00Z,2.57305555555556,Lime,63,34,0,0
2019-06-17T16:52:56Z,4.47638888888889,Bird,0,0,103,83
2019-06-17T16:50:47Z,4.41138888888889,Lime,102,82,0,0
2019-06-17T16:49:19Z,4.38472222222222,Lime,102,82,0,0
2019-06-17T13:19:27Z,0.853333333333333,Lime,16,14,0,0
2019-06-17T14:45:44Z,2.29111111111111,Lime,52,30,0,0
2019-06-17T14:53:36Z,2.41944444444444,Lime,57,33,0,0
2019-06-17T17:51:19Z,5.38055555555556,Lime,124,87,0,0
2019-06-17T13:20:18Z,0.863333333333333,Lime,17,15,0,0
2019-06-17T12:47:43Z,0.296666666666667,Lime,4,5,0,0
2019-06-17T14:22:32Z,1.85083333333333,Bird,0,0,44,27
2019-06-17T13:54:17Z,1.37194444444444,Lime,30,21,0,0
2019-06-17T15:13:34Z,2.63916666666667,Bird,0,0,67,44
2019-06-17T13:10:32Z,0.574722222222222,Lime,14,10,0,0
2019-06-17T13:07:37Z,0.490833333333333,Bird,0,0,13,7
2019-06-17T13:23:44Z,0.738611111111111,Lime,16,11,0,0
2019-06-17T12:53:57Z,0.236666666666667,Bird,0,0,4,2
2019-06-18T08:47:50Z,20.1344444444444,Bird,0,0,173,83
2019-06-17T13:18:05Z,0.617222222222222,Bird,0,0,13,8
2019-06-17T23:16:37Z,10.5030555555556,Bird,0,0,172,82
2019-06-17T14:49:49Z,2.03583333333333,Lime,50,25,0,0
2019-06-17T14:32:36Z,1.72805555555556,Lime,43,23,0,0
2019-06-17T13:47:29Z,0.969444444444444,Lime,22,12,0,0
2019-06-17T16:57:38Z,4.06055555555556,Bird,0,0,94,79
2019-06-17T20:58:24Z,8.01277777777778,Lime,168,80,0,0
2019-06-17T13:02:25Z,0.0722222222222222,Bird,0,0,3,1
2019-06-17T20:29:39Z,7.49861111111111,Lime,167,79,0,0
2019-06-17T13:47:34Z,0.779722222222222,Bird,0,0,19,10
2019-06-17T18:20:59Z,5.33555555555556,Lime,122,79,0,0
2019-06-17T13:36:26Z,0.5625,Lime,11,8,0,0
2019-06-17T20:19:23Z,7.24361111111111,Lime,162,78,0,0
2019-06-17T14:11:32Z,1.03055555555556,Bird,0,0,29,10
2019-06-17T13:48:59Z,0.653055555555556,Bird,0,0,14,6
2019-06-17T14:07:31Z,0.957777777777778,Bird,0,0,24,10
2019-06-19T11:14:32Z,46.0419444444444,Bird,0,0,160,74
2019-06-17T13:29:33Z,0.276388888888889,Lime,3,2,0,0
2019-06-17T13:29:49Z,0.279444444444444,Lime,4,2,0,0
2019-06-17T13:29:52Z,0.28,Lime,5,2,0,0
2019-06-17T15:40:20Z,2.3925,Bird,0,0,57,44
2019-06-17T14:53:49Z,1.58083333333333,Lime,42,19,0,0
2019-06-17T18:05:51Z,4.77611111111111,Lime,110,73,0,0
2019-06-17T16:06:20Z,2.70638888888889,Bird,0,0,63,49
2019-06-17T14:04:05Z,0.596111111111111,Lime,17,8,0,0
2019-06-17T14:15:20Z,0.783333333333333,Lime,24,12,0,0
2019-06-17T16:30:38Z,3.03611111111111,Lime,76,57,0,0
2019-06-17T16:51:42Z,3.37055555555556,Bird,0,0,80,66
2019-06-17T16:47:45Z,3.30472222222222,Bird,0,0,80,65
2019-06-17T16:47:34Z,3.30166666666667,Bird,0,0,80,64
2019-06-17T13:53:42Z,0.375277777777778,Bird,0,0,8,6
2019-06-17T13:38:14Z,0.0877777777777778,Lime,1,2,0,0
2019-06-17T14:18:37Z,0.724166666666667,Lime,21,10,0,0
2019-06-17T14:00:09Z,0.400277777777778,Bird,0,0,13,5
2019-06-17T23:43:45Z,10.0522222222222,Bird,0,0,151,70
2019-06-17T23:43:15Z,10.0436111111111,Bird,0,0,151,70
2019-06-18T07:52:54Z,18.2044444444444,Bird,0,0,151,70
2019-06-17T14:47:23Z,1.07361111111111,Lime,26,14,0,0
2019-06-17T15:22:50Z,1.66027777777778,Bird,0,0,43,34
2019-06-18T15:38:22Z,25.9188888888889,Bird,0,0,149,70
2019-06-18T15:37:46Z,25.9088888888889,Bird,0,0,149,70
2019-06-17T18:36:07Z,4.83777777777778,Lime,110,70,0,0
2019-06-17T23:17:39Z,9.52777777777778,Bird,0,0,149,70
2019-06-17T14:46:30Z,1.00861111111111,Bird,0,0,26,13
2019-06-17T18:24:42Z,4.56861111111111,Bird,0,0,102,67
2019-06-17T14:25:31Z,0.550555555555556,Lime,14,8,0,0
2019-06-17T13:56:38Z,0.0508333333333333,Lime,1,1,0,0
2019-06-17T14:21:26Z,0.461388888888889,Bird,0,0,14,5
2019-06-17T15:41:50Z,1.77027777777778,Bird,0,0,42,36
2019-06-17T16:52:21Z,2.92222222222222,Lime,67,60,0,0
2019-06-17T19:43:44Z,5.77777777777778,Lime,140,65,0,0
2019-06-17T16:46:39Z,2.82222222222222,Bird,0,0,67,56
2019-06-17T20:44:25Z,6.76555555555556,Lime,142,65,0,0
2019-06-17T14:42:41Z,0.736388888888889,Bird,0,0,17,7
2019-06-17T19:18:39Z,5.33361111111111,Lime,122,65,0,0
2019-06-17T15:13:35Z,1.19333333333333,Lime,33,25,0,0
2019-06-17T16:20:59Z,2.29666666666667,Lime,52,48,0,0
2019-06-17T16:21:04Z,2.29583333333333,Lime,53,48,0,0
2019-06-17T14:55:28Z,0.855555555555556,Lime,22,10,0,0
2019-06-17T16:10:03Z,2.09555555555556,Lime,45,45,0,0
2019-06-17T19:47:19Z,5.67944444444444,Lime,134,64,0,0
2019-06-17T19:49:03Z,5.705,Bird,0,0,134,64
2019-06-17T20:50:02Z,6.71416666666667,Lime,137,64,0,0
2019-06-17T19:23:24Z,5.26444444444444,Lime,122,64,0,0
2019-06-17T14:11:22Z,0.0552777777777778,Lime,3,0,0,0
2019-06-17T15:22:18Z,1.23083333333333,Lime,28,28,0,0
2019-06-17T17:55:43Z,3.78666666666667,Lime,84,64,0,0
2019-06-17T14:30:07Z,0.270555555555556,Lime,4,4,0,0
2019-06-17T18:41:05Z,4.44805555555556,Lime,99,62,0,0
2019-06-17T16:55:52Z,2.67416666666667,Bird,0,0,58,56
2019-06-17T15:48:06Z,1.54194444444444,Bird,0,0,31,32
2019-06-17T16:45:30Z,2.47527777777778,Bird,0,0,56,49
2019-06-17T19:38:45Z,5.34361111111111,Lime,129,60,0,0
2019-06-17T18:56:14Z,4.59777777777778,Lime,106,60,0,0
2019-06-17T14:27:50Z,0.113055555555556,Lime,2,2,0,0
2019-06-18T08:41:50Z,18.3211111111111,Bird,0,0,132,58
2019-06-17T14:41:48Z,0.145555555555556,Lime,1,0,0,0
2019-06-17T16:28:23Z,1.83472222222222,Lime,45,42,0,0
2019-06-17T19:08:21Z,4.36638888888889,Lime,100,57,0,0
2019-06-17T16:24:26Z,1.6325,Lime,38,41,0,0
2019-06-17T15:25:55Z,0.6475,Lime,17,21,0,0
2019-06-17T15:09:51Z,0.338055555555556,Bird,0,0,12,12
2019-06-17T15:34:51Z,0.735833333333333,Lime,16,22,0,0
2019-06-17T15:04:49Z,0.198055555555556,Lime,8,6,0,0
2019-06-17T15:58:20Z,1.08472222222222,Lime,23,29,0,0
2019-06-17T15:52:27Z,0.955555555555556,Lime,18,29,0,0
2019-06-17T15:02:34Z,0.1175,Bird,0,0,3,2
2019-06-17T15:02:35Z,0.115555555555556,Bird,0,0,3,3
2019-06-17T15:04:27Z,0.140277777777778,Bird,0,0,3,5
2019-06-17T15:37:47Z,0.669722222222222,Bird,0,0,11,21
2019-06-17T16:22:02Z,1.39222222222222,Lime,28,38,0,0
2019-06-17T15:00:17Z,0.0191666666666667,Lime,1,0,0,0
2019-06-17T15:09:01Z,0.150833333333333,Lime,3,8,0,0
2019-06-17T15:11:35Z,0.173888888888889,Lime,4,10,0,0
2019-06-17T16:31:24Z,1.46916666666667,Lime,33,35,0,0
2019-06-17T19:30:17Z,4.43972222222222,Lime,101,49,0,0
2019-06-17T15:39:05Z,0.561388888888889,Lime,7,18,0,0
2019-06-17T19:34:12Z,4.47027777777778,Lime,102,48,0,0
2019-06-17T17:44:31Z,2.63027777777778,Lime,56,47,0,0
2019-06-17T15:10:55Z,0.0258333333333333,Bird,0,0,0,1
2019-06-17T17:00:36Z,1.85,Bird,0,0,36,44
2019-06-17T16:10:46Z,1.01361111111111,Lime,17,24,0,0
2019-06-17T15:13:14Z,0.0202777777777778,Bird,0,0,0,0
2019-06-20T06:04:23Z,62.8208333333333,Bird,0,0,108,39
2019-06-17T17:14:02Z,1.97166666666667,Lime,39,39,0,0
2019-06-17T21:15:49Z,5.99444444444444,Lime,108,39,0,0
2019-06-17T18:45:50Z,3.48888888888889,Bird,0,0,79,39
2019-06-17T15:40:51Z,0.383611111111111,Bird,0,0,4,10
2019-06-18T07:52:13Z,16.56,Bird,0,0,107,39
2019-06-17T15:29:22Z,0.168888888888889,Bird,0,0,2,3
2019-06-17T16:10:36Z,0.847777777777778,Lime,14,18,0,0
2019-06-17T15:49:20Z,0.472777777777778,Bird,0,0,6,10
2019-06-17T16:07:29Z,0.748611111111111,Bird,0,0,12,14
2019-06-17T15:50:04Z,0.423611111111111,Bird,0,0,5,9
2019-06-17T16:40:59Z,1.27194444444444,Lime,28,22,0,0
2019-06-17T23:19:33Z,7.8875,Bird,0,0,105,35
2019-06-17T16:05:27Z,0.624444444444444,Bird,0,0,11,11
2019-06-18T12:22:00Z,20.9002777777778,Bird,0,0,105,35
2019-06-17T15:38:34Z,0.0638888888888889,Bird,0,0,1,2
2019-06-17T16:19:35Z,0.743611111111111,Bird,0,0,15,16
2019-06-17T15:38:27Z,0.0577777777777778,Bird,0,0,0,1
2019-06-17T16:33:17Z,0.964444444444444,Bird,0,0,26,19
2019-06-17T19:35:02Z,3.97694444444444,Lime,96,33,0,0
2019-06-17T16:14:27Z,0.625,Bird,0,0,14,14
2019-06-17T18:44:13Z,3.06611111111111,Lime,73,30,0,0
2019-06-17T16:19:34Z,0.635277777777778,Bird,0,0,14,11
2019-06-17T16:23:17Z,0.657777777777778,Lime,16,12,0,0
2019-06-17T16:18:15Z,0.541388888888889,Bird,0,0,13,9
2019-06-17T18:50:57Z,3.07138888888889,Bird,0,0,76,28
2019-06-20T06:36:12Z,62.8133333333333,Bird,0,0,102,28
2019-06-17T16:08:01Z,0.303611111111111,Bird,0,0,7,5
2019-06-17T16:17:18Z,0.457222222222222,Lime,11,7,0,0
2019-06-17T16:08:08Z,0.29,Bird,0,0,7,5
2019-06-17T17:05:03Z,1.23222222222222,Bird,0,0,30,25
2019-06-18T15:23:43Z,23.5133333333333,Bird,0,0,98,25
2019-06-17T20:40:32Z,4.74138888888889,Lime,97,25,0,0
2019-06-17T16:28:41Z,0.543333333333333,Bird,0,0,16,9
2019-06-17T16:55:43Z,0.968611111111111,Lime,22,21,0,0
2019-06-17T16:55:49Z,0.928611111111111,Bird,0,0,21,21
2019-06-17T16:12:09Z,0.196944444444444,Lime,4,6,0,0
2019-06-17T19:37:40Z,3.6025,Lime,89,25,0,0
2019-06-17T18:37:52Z,2.51305555555556,Lime,57,22,0,0
2019-06-17T23:43:36Z,7.59555555555556,Bird,0,0,94,21
2019-06-17T16:45:58Z,0.629444444444444,Bird,0,0,17,9
2019-06-17T16:13:22Z,0.0530555555555556,Lime,2,0,0,0
2019-06-17T17:04:27Z,0.827777777777778,Lime,18,19,0,0
2019-06-17T19:12:29Z,2.95,Lime,70,19,0,0
2019-06-17T16:32:00Z,0.269722222222222,Bird,0,0,12,4
2019-06-17T16:41:18Z,0.381388888888889,Bird,0,0,12,6
2019-06-17T16:41:15Z,0.378333333333333,Bird,0,0,12,5
2019-06-17T17:44:23Z,1.42111111111111,Lime,33,18,0,0
2019-06-17T16:52:59Z,0.390555555555556,Lime,5,11,0,0
2019-06-17T17:00:28Z,0.489166666666667,Bird,0,0,4,15
2019-06-17T17:10:45Z,0.659444444444444,Lime,9,15,0,0
2019-06-17T17:55:27Z,1.36861111111111,Bird,0,0,27,13
2019-06-17T16:57:32Z,0.392222222222222,Bird,0,0,3,11
2019-06-17T17:09:37Z,0.571666666666667,Lime,7,13,0,0
2019-06-18T10:59:01Z,18.3869444444444,Bird,0,0,78,13
2019-06-17T17:26:43Z,0.844166666666667,Lime,15,13,0,0
2019-06-17T17:26:55Z,0.846944444444444,Lime,16,13,0,0
2019-06-17T17:44:05Z,1.12916666666667,Lime,21,13,0,0
2019-06-17T17:27:26Z,0.840555555555556,Lime,17,13,0,0
2019-06-17T19:15:25Z,2.55555555555556,Lime,57,11,0,0
2019-06-17T21:11:54Z,4.46638888888889,Lime,77,11,0,0
2019-06-17T21:03:59Z,4.32944444444444,Lime,77,11,0,0
2019-06-17T17:04:33Z,0.3225,Bird,0,0,6,11
2019-06-17T17:00:30Z,0.250833333333333,Lime,2,11,0,0
2019-06-17T22:55:53Z,6.17194444444444,Bird,0,0,77,10
2019-06-19T11:14:33Z,42.4813888888889,Bird,0,0,77,10
2019-06-17T19:03:29Z,2.29444444444444,Lime,54,10,0,0
2019-06-17T17:30:24Z,0.655277777777778,Lime,17,6,0,0
2019-06-19T07:44:43Z,38.8766666666667,Bird,0,0,77,5
2019-06-18T07:27:11Z,14.5825,Bird,0,0,77,5
2019-06-18T10:50:15Z,17.9525,Bird,0,0,75,4
2019-06-17T23:26:05Z,6.54333333333333,Bird,0,0,75,4
2019-06-17T16:56:53Z,0.0430555555555556,Bird,0,0,0,1
2019-06-19T07:28:08Z,38.5252777777778,Bird,0,0,75,3
2019-06-17T22:30:34Z,5.53416666666667,Lime,75,1,0,0
2019-06-17T18:31:09Z,1.53111111111111,Bird,0,0,33,1
2019-06-17T17:48:48Z,0.783055555555556,Bird,0,0,22,0
2019-06-19T08:49:28Z,39.7766666666667,Bird,0,0,73,0
2019-06-18T07:12:07Z,14.1344444444444,Bird,0,0,72,0
2019-06-17T18:49:55Z,1.75472222222222,Lime,44,0,0,0
2019-06-17T20:06:25Z,3.00333333333333,Lime,71,0,0,0
2019-06-17T19:11:25Z,2.06055555555556,Lime,49,0,0,0
2019-06-18T04:16:54Z,11.1494444444444,Bird,0,0,71,0
2019-06-17T19:12:13Z,2.05472222222222,Lime,50,0,0,0
2019-06-17T17:20:01Z,0.145,Lime,3,0,0,0
2019-06-17T18:38:05Z,1.41583333333333,Lime,34,0,0,0
2019-06-17T19:16:59Z,2.02861111111111,Lime,48,0,0,0
2019-06-17T17:19:03Z,0.0575,Lime,0,0,0,0
2019-06-17T17:45:30Z,0.395277777777778,Lime,10,0,0,0
2019-06-17T23:35:30Z,6.07611111111111,Bird,0,0,59,0
2019-06-17T19:15:17Z,1.73833333333333,Lime,39,0,0,0
2019-06-17T17:52:10Z,0.350277777777778,Lime,7,0,0,0
2019-06-18T08:43:42Z,15.2088888888889,Bird,0,0,59,0
2019-06-17T19:23:53Z,1.86472222222222,Lime,45,0,0,0
2019-06-17T19:24:07Z,1.84027777777778,Lime,47,0,0,0
2019-06-17T17:58:00Z,0.293333333333333,Lime,7,0,0,0
2019-06-17T19:12:23Z,1.51388888888889,Lime,38,0,0,0
2019-06-17T19:20:36Z,1.55416666666667,Lime,35,0,0,0
2019-06-17T18:37:58Z,0.798055555555556,Lime,16,0,0,0
2019-06-17T20:34:39Z,2.71666666666667,Lime,52,0,0,0
2019-06-17T19:37:21Z,1.74361111111111,Lime,44,0,0,0
2019-06-17T18:17:06Z,0.385,Lime,4,0,0,0
2019-06-17T18:19:37Z,0.425555555555556,Lime,5,0,0,0
2019-06-17T18:29:31Z,0.583888888888889,Lime,7,0,0,0
2019-06-17T19:18:43Z,1.37583333333333,Lime,32,0,0,0
2019-06-17T18:34:52Z,0.489722222222222,Lime,9,0,0,0
2019-06-17T18:13:03Z,0.121111111111111,Lime,2,0,0,0
2019-06-17T19:40:37Z,1.53333333333333,Lime,45,0,0,0
2019-06-17T22:03:02Z,3.79111111111111,Lime,47,0,0,0
2019-06-17T21:31:49Z,3.24833333333333,Lime,47,0,0,0
2019-06-17T19:34:22Z,1.2025,Lime,35,0,0,0
2019-06-17T19:02:46Z,0.63,Lime,21,0,0,0
2019-06-17T19:33:50Z,1.11638888888889,Lime,35,0,0,0
2019-06-17T19:28:06Z,1.01,Lime,33,0,0,0
2019-06-17T19:19:02Z,0.762222222222222,Lime,23,0,0,0
2019-06-17T19:31:55Z,0.950277777777778,Lime,29,0,0,0
2019-06-17T18:49:26Z,0.155833333333333,Lime,6,0,0,0
2019-06-17T19:49:37Z,1.14527777777778,Lime,31,0,0,0
2019-06-17T19:06:08Z,0.400833333333333,Lime,10,0,0,0
2019-06-17T19:10:10Z,0.403888888888889,Lime,7,0,0,0
2019-06-17T19:26:48Z,0.673055555555556,Lime,18,0,0,0
2019-06-17T19:21:29Z,0.569444444444444,Lime,11,0,0,0
2019-06-17T19:07:18Z,0.319166666666667,Lime,5,0,0,0
2019-06-17T19:30:04Z,0.686944444444444,Lime,17,0,0,0
2019-06-17T19:08:48Z,0.302222222222222,Lime,3,0,0,0
2019-06-17T18:59:10Z,0.0522222222222222,Lime,2,0,0,0
2019-06-17T19:20:23Z,0.359722222222222,Lime,7,0,0,0
2019-06-17T19:18:11Z,0.317777777777778,Lime,4,0,0,0
2019-06-17T19:19:47Z,0.153611111111111,Lime,4,0,0,0
2019-06-17T19:19:34Z,0.149166666666667,Lime,4,0,0,0
2019-06-17T19:20:39Z,0.0333333333333333,Lime,2,0,0,0
2019-06-17T19:23:53Z,0.0691666666666667,Lime,4,0,0,0
2019-06-17T19:45:59Z,0.379722222222222,Lime,12,0,0,0
2019-06-17T19:46:37Z,0.326666666666667,Lime,8,0,0,0
2019-06-17T19:32:30Z,0.0252777777777778,Lime,1,0,0,0
2019-06-17T19:39:14Z,0.133611111111111,Lime,7,0,0,0
2019-06-17T21:22:56Z,1.84472222222222,Lime,10,0,0,0
2019-06-17T20:01:27Z,0.443055555555556,Lime,8,0,0,0
2019-06-17T19:55:57Z,0.292222222222222,Lime,2,0,0,0
2019-06-18T11:51:19Z,16.1869444444444,Lime,4,0,0,0
2019-06-17T19:59:56Z,0.295277777777778,Lime,4,0,0,0
2019-06-17T19:55:14Z,0.158611111111111,Lime,1,0,0,0
2019-06-17T23:53:37Z,4.13083333333333,Lime,3,0,0,0
2019-06-18T00:25:51Z,4.66083333333333,Lime,3,0,0,0
2019-06-17T19:55:11Z,0.135555555555556,Lime,1,0,0,0
2019-06-17T19:54:01Z,0.0955555555555556,Lime,1,0,0,0
2019-06-17T23:45:56Z,3.94833333333333,Lime,3,0,0,0
2019-06-17T23:03:19Z,3.22,Lime,3,0,0,0
2019-06-17T22:28:15Z,2.37222222222222,Lime,0,0,0,0
2019-06-18T10:39:51Z,14.5622222222222,Lime,0,0,0,0
2019-06-17T21:21:51Z,1.18444444444444,Lime,0,0,0,0
2019-06-17T23:32:03Z,2.79055555555556,Lime,0,0,0,0
2019-06-17T22:17:51Z,1.48472222222222,Lime,0,0,0,0
2019-06-17T22:17:41Z,1.365,Lime,0,0,0,0
2019-06-17T22:13:00Z,1.27694444444444,Lime,0,0,0,0
